Region_ID,Region_name,Region_class,Process_ID,Interval,Layer,Layer_depth_min,Layer_depth_max,Ping_S,Ping_E,Ping_M,Dist_S,Dist_E,Dist_M,VL_start,VL_end,VL_mid,Date_S,Time_S,Date_E,Time_E,Date_M,Time_M,Lat_S,Lon_S,Lat_E,Lon_E,Lat_M,Lon_M,Exclude_below_line_depth_mean,Program_version,Processing_version,Processing_date,Processing_time,EV_filename,Attribute,Targets_Binned,Targets_Failed_Thresholds,Targets_Failed_Filter,Targets_Excluded,Targets_Missed_Bins,Exclude_below_line_range_mean,Region_notes,Region_detection_settings,Grid_reference_line,Layer_top_to_reference_line_depth,Layer_top_to_reference_line_range,Layer_bottom_to_reference_line_depth,Layer_bottom_to_reference_line_range,Exclude_below_line_depth_min,Exclude_below_line_range_min,Exclude_below_line_depth_max,Exclude_below_line_range_max,Heave_source,Heave_min,Heave_max,Heave_mean,Region_bottom_altitude_min,Region_bottom_altitude_max,Region_bottom_altitude_mean,Region_top_altitude_min,Region_top_altitude_max,Region_top_altitude_mean,-76.000000,-75.000000,-74.000000,-73.000000,-72.000000,-71.000000,-70.000000,-69.000000,-68.000000,-67.000000,-66.000000,-65.000000,-64.000000,-63.000000,-62.000000,-61.000000,-60.000000,-59.000000,-58.000000,-57.000000,-56.000000,-55.000000,-54.000000,-53.000000,-52.000000,-51.000000,-50.000000,-49.000000,-48.000000,-47.000000,-46.000000,-45.000000,-44.000000,-43.000000,-42.000000,-41.000000,-40.000000,-39.000000,-38.000000,-37.000000,-36.000000,-35.000000,-34.000000,-33.000000,-32.000000,-31.000000,-30.000000,-29.000000,-28.000000,-27.000000,-26.000000,
2,"so2","Unclassified regions",1761,1,1,0.000000,10.000000,0,3671,1835,0.000000,2999.381430,618.420103,0.000000,0.000000,0.000000,20210815, 22:19:32.1580,20210815, 22:57:26.7340,20210815, 22:38:28.8920,42.63073000,-87.19451667,42.62938333,-87.22969840,42.63050500,-87.20087164,141.578426,"12.1.45.43607",3,20220329, 13:10:54.8960,"C:\Users\dmwarner\Documents\Acoustics\Michigan\acoustic\2021\EVfiles_sturgeon\so2.ev","Bin_count",48,0,0,53,0,139.428426,"","","Surface (depth of zero)",0.000000,-2.150000,10.000000,7.850000,139.695348,137.545348,143.208214,141.058214,"",0.000000,0.000000,0.000000,129.695348,133.208214,131.578426,134.695348,138.208214,136.578426,0,0,0,0,0,0,1,0,0,0,2,1,2,2,1,4,5,7,3,2,5,5,1,1,0,2,3,0,1,0,0,0,0,0,0,0,0,0,0,0,0,0,0,0,0,0,0,0,0,0,0
2,"so2","Unclassified regions",1761,1,2,10.000000,20.000000,0,3671,1835,0.000000,2999.381430,618.420103,0.000000,0.000000,0.000000,20210815, 22:19:32.1580,20210815, 22:57:26.7340,20210815, 22:38:28.8920,42.63073000,-87.19451667,42.62938333,-87.22969840,42.63050500,-87.20087164,141.578426,"12.1.45.43607",3,20220329, 13:10:54.8960,"C:\Users\dmwarner\Documents\Acoustics\Michigan\acoustic\2021\EVfiles_sturgeon\so2.ev","Bin_count",1755,0,0,1131,2,139.428426,"","","Surface (depth of zero)",10.000000,7.850000,20.000000,17.850000,139.695348,137.545348,143.208214,141.058214,"",0.000000,0.000000,0.000000,119.695348,123.208214,121.578426,129.695348,133.208214,131.578426,13,10,6,12,5,7,9,21,22,33,36,40,56,54,61,88,128,100,128,109,150,106,93,103,91,81,57,65,37,27,5,2,0,0,0,0,0,0,0,0,0,0,0,0,0,0,0,0,0,0,0
2,"so2","Unclassified regions",1761,1,3,20.000000,30.000000,0,3671,1835,0.000000,2999.381430,618.420103,0.000000,0.000000,0.000000,20210815, 22:19:32.1580,20210815, 22:57:26.7340,20210815, 22:38:28.8920,42.63073000,-87.19451667,42.62938333,-87.22969840,42.63050500,-87.20087164,141.578426,"12.1.45.43607",3,20220329, 13:10:54.8960,"C:\Users\dmwarner\Documents\Acoustics\Michigan\acoustic\2021\EVfiles_sturgeon\so2.ev","Bin_count",612,0,0,275,1,139.428426,"","","Surface (depth of zero)",20.000000,17.850000,30.000000,27.850000,139.695348,137.545348,143.208214,141.058214,"",0.000000,0.000000,0.000000,109.695348,113.208214,111.578426,119.695348,123.208214,121.578426,0,1,0,1,0,2,11,13,46,69,57,49,54,46,41,35,29,11,12,10,14,32,26,16,12,5,11,7,2,0,0,0,0,0,0,0,0,0,0,0,0,0,0,0,0,0,0,0,0,0,0
2,"so2","Unclassified regions",1761,1,4,30.000000,40.000000,0,3671,1835,0.000000,2999.381430,618.420103,0.000000,0.000000,0.000000,20210815, 22:19:32.1580,20210815, 22:57:26.7340,20210815, 22:38:28.8920,42.63073000,-87.19451667,42.62938333,-87.22969840,42.63050500,-87.20087164,141.578426,"12.1.45.43607",3,20220329, 13:10:54.8960,"C:\Users\dmwarner\Documents\Acoustics\Michigan\acoustic\2021\EVfiles_sturgeon\so2.ev","Bin_count",116,0,0,18,1,139.428426,"","","Surface (depth of zero)",30.000000,27.850000,40.000000,37.850000,139.695348,137.545348,143.208214,141.058214,"",0.000000,0.000000,0.000000,99.695348,103.208214,101.578426,109.695348,113.208214,111.578426,1,1,1,0,0,0,1,1,3,4,5,9,23,21,24,6,7,3,0,0,1,2,1,0,0,0,0,0,0,0,0,0,0,0,0,0,0,0,0,0,0,0,0,0,0,1,0,1,0,0,0
2,"so2","Unclassified regions",1761,1,5,40.000000,50.000000,0,3671,1835,0.000000,2999.381430,618.420103,0.000000,0.000000,0.000000,20210815, 22:19:32.1580,20210815, 22:57:26.7340,20210815, 22:38:28.8920,42.63073000,-87.19451667,42.62938333,-87.22969840,42.63050500,-87.20087164,141.578426,"12.1.45.43607",3,20220329, 13:10:54.8960,"C:\Users\dmwarner\Documents\Acoustics\Michigan\acoustic\2021\EVfiles_sturgeon\so2.ev","Bin_count",23,0,0,13,0,139.428426,"","","Surface (depth of zero)",40.000000,37.850000,50.000000,47.850000,139.695348,137.545348,143.208214,141.058214,"",0.000000,0.000000,0.000000,89.695348,93.208214,91.578426,99.695348,103.208214,101.578426,0,0,0,0,0,0,0,2,0,1,0,0,0,4,1,5,0,2,2,1,0,0,0,0,0,0,0,0,0,0,0,0,0,0,0,0,0,2,1,2,0,0,0,0,0,0,0,0,0,0,0
2,"so2","Unclassified regions",1761,1,6,50.000000,60.000000,0,3671,1835,0.000000,2999.381430,618.420103,0.000000,0.000000,0.000000,20210815, 22:19:32.1580,20210815, 22:57:26.7340,20210815, 22:38:28.8920,42.63073000,-87.19451667,42.62938333,-87.22969840,42.63050500,-87.20087164,141.578426,"12.1.45.43607",3,20220329, 13:10:54.8960,"C:\Users\dmwarner\Documents\Acoustics\Michigan\acoustic\2021\EVfiles_sturgeon\so2.ev","Bin_count",33,0,0,17,0,139.428426,"","","Surface (depth of zero)",50.000000,47.850000,60.000000,57.850000,139.695348,137.545348,143.208214,141.058214,"",0.000000,0.000000,0.000000,79.695348,83.208214,81.578426,89.695348,93.208214,91.578426,0,0,0,0,0,1,1,1,2,7,8,3,1,0,0,0,0,0,0,0,0,0,0,0,0,0,0,0,0,0,0,0,0,2,1,3,1,2,0,0,0,0,0,0,0,0,0,0,0,0,0
2,"so2","Unclassified regions",1761,1,7,60.000000,70.000000,0,3671,1835,0.000000,2999.381430,618.420103,0.000000,0.000000,0.000000,20210815, 22:19:32.1580,20210815, 22:57:26.7340,20210815, 22:38:28.8920,42.63073000,-87.19451667,42.62938333,-87.22969840,42.63050500,-87.20087164,141.578426,"12.1.45.43607",3,20220329, 13:10:54.8960,"C:\Users\dmwarner\Documents\Acoustics\Michigan\acoustic\2021\EVfiles_sturgeon\so2.ev","Bin_count",78,0,0,35,0,139.428426,"","","Surface (depth of zero)",60.000000,57.850000,70.000000,67.850000,139.695348,137.545348,143.208214,141.058214,"",0.000000,0.000000,0.000000,69.695348,73.208214,71.578426,79.695348,83.208214,81.578426,0,0,0,0,0,0,0,1,0,0,1,5,10,16,6,4,0,0,0,0,0,0,0,0,1,4,2,1,0,1,1,0,0,0,1,2,5,4,9,4,0,0,0,0,0,0,0,0,0,0,0
2,"so2","Unclassified regions",1761,1,8,70.000000,80.000000,0,3671,1835,0.000000,2999.381430,618.420103,0.000000,0.000000,0.000000,20210815, 22:19:32.1580,20210815, 22:57:26.7340,20210815, 22:38:28.8920,42.63073000,-87.19451667,42.62938333,-87.22969840,42.63050500,-87.20087164,141.578426,"12.1.45.43607",3,20220329, 13:10:54.8960,"C:\Users\dmwarner\Documents\Acoustics\Michigan\acoustic\2021\EVfiles_sturgeon\so2.ev","Bin_count",130,0,0,54,0,139.428426,"","","Surface (depth of zero)",70.000000,67.850000,80.000000,77.850000,139.695348,137.545348,143.208214,141.058214,"",0.000000,0.000000,0.000000,59.695348,63.208214,61.578426,69.695348,73.208214,71.578426,0,0,0,0,0,0,0,0,0,0,2,1,3,10,12,26,15,5,4,1,0,0,0,0,0,0,0,0,0,2,1,0,3,8,7,4,10,12,4,0,0,0,0,0,0,0,0,0,0,0,0
2,"so2","Unclassified regions",1761,1,9,80.000000,90.000000,0,3671,1835,0.000000,2999.381430,618.420103,0.000000,0.000000,0.000000,20210815, 22:19:32.1580,20210815, 22:57:26.7340,20210815, 22:38:28.8920,42.63073000,-87.19451667,42.62938333,-87.22969840,42.63050500,-87.20087164,141.578426,"12.1.45.43607",3,20220329, 13:10:54.8960,"C:\Users\dmwarner\Documents\Acoustics\Michigan\acoustic\2021\EVfiles_sturgeon\so2.ev","Bin_count",184,0,0,143,0,139.428426,"","","Surface (depth of zero)",80.000000,77.850000,90.000000,87.850000,139.695348,137.545348,143.208214,141.058214,"",0.000000,0.000000,0.000000,49.695348,53.208214,51.578426,59.695348,63.208214,61.578426,0,0,0,0,0,0,0,0,0,0,0,0,1,2,4,9,12,42,24,15,2,1,3,2,0,0,0,0,0,2,0,1,1,6,9,11,16,16,5,0,0,0,0,0,0,0,0,0,0,0,0
2,"so2","Unclassified regions",1761,1,10,90.000000,100.000000,0,3671,1835,0.000000,2999.381430,618.420103,0.000000,0.000000,0.000000,20210815, 22:19:32.1580,20210815, 22:57:26.7340,20210815, 22:38:28.8920,42.63073000,-87.19451667,42.62938333,-87.22969840,42.63050500,-87.20087164,141.578426,"12.1.45.43607",3,20220329, 13:10:54.8960,"C:\Users\dmwarner\Documents\Acoustics\Michigan\acoustic\2021\EVfiles_sturgeon\so2.ev","Bin_count",180,0,0,172,0,139.428426,"","","Surface (depth of zero)",90.000000,87.850000,100.000000,97.850000,139.695348,137.545348,143.208214,141.058214,"",0.000000,0.000000,0.000000,39.695348,43.208214,41.578426,49.695348,53.208214,51.578426,0,0,0,0,0,0,0,0,0,1,0,0,0,1,2,3,10,19,26,40,25,18,4,0,0,0,0,1,0,0,0,1,3,3,6,3,3,3,8,0,0,0,0,0,0,0,0,0,0,0,0
2,"so2","Unclassified regions",1761,1,11,100.000000,110.000000,0,3671,1835,0.000000,2999.381430,618.420103,0.000000,0.000000,0.000000,20210815, 22:19:32.1580,20210815, 22:57:26.7340,20210815, 22:38:28.8920,42.63073000,-87.19451667,42.62938333,-87.22969840,42.63050500,-87.20087164,141.578426,"12.1.45.43607",3,20220329, 13:10:54.8960,"C:\Users\dmwarner\Documents\Acoustics\Michigan\acoustic\2021\EVfiles_sturgeon\so2.ev","Bin_count",196,0,0,242,0,139.428426,"","","Surface (depth of zero)",100.000000,97.850000,110.000000,107.850000,139.695348,137.545348,143.208214,141.058214,"",0.000000,0.000000,0.000000,29.695348,33.208214,31.578426,39.695348,43.208214,41.578426,0,0,0,0,0,0,0,0,0,0,2,0,1,1,0,0,2,10,10,25,41,41,32,7,0,0,0,0,0,0,1,4,7,2,1,1,1,5,2,0,0,0,0,0,0,0,0,0,0,0,0
2,"so2","Unclassified regions",1761,1,12,110.000000,120.000000,0,3671,1835,0.000000,2999.381430,618.420103,0.000000,0.000000,0.000000,20210815, 22:19:32.1580,20210815, 22:57:26.7340,20210815, 22:38:28.8920,42.63073000,-87.19451667,42.62938333,-87.22969840,42.63050500,-87.20087164,141.578426,"12.1.45.43607",3,20220329, 13:10:54.8960,"C:\Users\dmwarner\Documents\Acoustics\Michigan\acoustic\2021\EVfiles_sturgeon\so2.ev","Bin_count",162,0,0,238,0,139.428426,"","","Surface (depth of zero)",110.000000,107.850000,120.000000,117.850000,139.695348,137.545348,143.208214,141.058214,"",0.000000,0.000000,0.000000,19.695348,23.208214,21.578426,29.695348,33.208214,31.578426,0,0,0,0,0,0,0,0,0,0,0,0,0,0,0,0,0,1,5,7,17,19,36,32,22,4,0,0,2,5,5,2,2,2,1,0,0,0,0,0,0,0,0,0,0,0,0,0,0,0,0
2,"so2","Unclassified regions",1761,1,13,120.000000,130.000000,0,3671,1835,0.000000,2999.381430,618.420103,0.000000,0.000000,0.000000,20210815, 22:19:32.1580,20210815, 22:57:26.7340,20210815, 22:38:28.8920,42.63073000,-87.19451667,42.62938333,-87.22969840,42.63050500,-87.20087164,141.578426,"12.1.45.43607",3,20220329, 13:10:54.8960,"C:\Users\dmwarner\Documents\Acoustics\Michigan\acoustic\2021\EVfiles_sturgeon\so2.ev","Bin_count",169,0,0,319,0,139.428426,"","","Surface (depth of zero)",120.000000,117.850000,130.000000,127.850000,139.695348,137.545348,143.208214,141.058214,"",0.000000,0.000000,0.000000,9.695348,13.208214,11.578426,19.695348,23.208214,21.578426,0,0,0,0,0,0,0,0,0,0,0,0,0,0,0,1,2,0,3,2,14,12,18,32,27,23,8,2,1,0,2,5,6,4,6,1,0,0,0,0,0,0,0,0,0,0,0,0,0,0,0
2,"so2","Unclassified regions",1761,1,14,130.000000,140.000000,0,3671,1835,0.000000,2999.381430,618.420103,0.000000,0.000000,0.000000,20210815, 22:19:32.1580,20210815, 22:57:26.7340,20210815, 22:38:28.8920,42.63073000,-87.19451667,42.62938333,-87.22969840,42.63050500,-87.20087164,141.578426,"12.1.45.43607",3,20220329, 13:10:54.8960,"C:\Users\dmwarner\Documents\Acoustics\Michigan\acoustic\2021\EVfiles_sturgeon\so2.ev","Bin_count",109,0,0,260,0,139.428426,"","","Surface (depth of zero)",130.000000,127.850000,140.000000,137.850000,139.695348,137.545348,143.208214,141.058214,"",0.000000,0.000000,0.000000,-9.9e+37,-9.9e+37,-9.9e+37,-9.9e+37,-9.9e+37,-9.9e+37,0,0,0,0,0,0,0,0,0,0,0,0,0,0,0,0,0,1,2,0,3,3,4,10,14,25,18,14,2,3,1,1,0,0,1,0,4,3,0,0,0,0,0,0,0,0,0,0,0,0,0
2,"so2","Unclassified regions",1761,1,15,140.000000,150.000000,0,3671,1835,0.000000,2999.381430,618.420103,0.000000,0.000000,0.000000,20210815, 22:19:32.1580,20210815, 22:57:26.7340,20210815, 22:38:28.8920,42.63073000,-87.19451667,42.62938333,-87.22969840,42.63050500,-87.20087164,141.578426,"12.1.45.43607",3,20220329, 13:10:54.8960,"C:\Users\dmwarner\Documents\Acoustics\Michigan\acoustic\2021\EVfiles_sturgeon\so2.ev","Bin_count",15,0,0,24,0,139.428426,"","","Surface (depth of zero)",140.000000,137.850000,150.000000,147.850000,139.695348,137.545348,143.208214,141.058214,"",0.000000,0.000000,0.000000,-9.9e+37,-9.9e+37,-9.9e+37,-9.9e+37,-9.9e+37,-9.9e+37,0,0,0,0,0,0,0,0,0,0,0,0,0,0,0,0,0,0,0,0,0,0,0,0,1,1,3,3,1,0,1,0,0,0,0,3,2,0,0,0,0,0,0,0,0,0,0,0,0,0,0
2,"so2","Unclassified regions",1761,2,1,0.000000,10.000000,3672,7403,5537,3000.707611,5999.382742,4782.000550,0.000000,0.000000,0.000000,20210815, 22:57:27.3530,20210815, 23:35:57.2570,20210815, 23:16:41.7530,42.62938333,-87.22971457,42.62926667,-87.26619976,42.62931833,-87.25139927,137.421013,"12.1.45.43607",3,20220329, 13:10:54.8960,"C:\Users\dmwarner\Documents\Acoustics\Michigan\acoustic\2021\EVfiles_sturgeon\so2.ev","Bin_count",83,0,0,0,0,135.271013,"","","Surface (depth of zero)",0.000000,-2.150000,10.000000,7.850000,134.972879,132.822879,139.946576,137.796576,"",0.000000,0.000000,0.000000,124.972879,129.946576,127.421013,129.972879,134.946576,132.421013,0,0,0,0,0,0,2,0,1,0,0,0,4,3,5,13,10,7,8,7,3,5,2,2,1,2,3,3,2,0,0,0,0,0,0,0,0,0,0,0,0,0,0,0,0,0,0,0,0,0,0
2,"so2","Unclassified regions",1761,2,2,10.000000,20.000000,3672,7403,5537,3000.707611,5999.382742,4782.000550,0.000000,0.000000,0.000000,20210815, 22:57:27.3530,20210815, 23:35:57.2570,20210815, 23:16:41.7530,42.62938333,-87.22971457,42.62926667,-87.26619976,42.62931833,-87.25139927,137.421013,"12.1.45.43607",3,20220329, 13:10:54.8960,"C:\Users\dmwarner\Documents\Acoustics\Michigan\acoustic\2021\EVfiles_sturgeon\so2.ev","Bin_count",3071,0,0,0,7,135.271013,"","","Surface (depth of zero)",10.000000,7.850000,20.000000,17.850000,134.972879,132.822879,139.946576,137.796576,"",0.000000,0.000000,0.000000,114.972879,119.946576,117.421013,124.972879,129.946576,127.421013,14,10,10,13,13,15,19,35,43,40,48,90,131,138,144,151,145,197,251,244,253,225,156,145,129,131,101,84,62,25,8,1,0,0,0,0,0,0,0,0,0,0,0,0,0,0,0,0,0,0,0
2,"so2","Unclassified regions",1761,2,3,20.000000,30.000000,3672,7403,5537,3000.707611,5999.382742,4782.000550,0.000000,0.000000,0.000000,20210815, 22:57:27.3530,20210815, 23:35:57.2570,20210815, 23:16:41.7530,42.62938333,-87.22971457,42.62926667,-87.26619976,42.62931833,-87.25139927,137.421013,"12.1.45.43607",3,20220329, 13:10:54.8960,"C:\Users\dmwarner\Documents\Acoustics\Michigan\acoustic\2021\EVfiles_sturgeon\so2.ev","Bin_count",438,0,0,270,3,135.271013,"","","Surface (depth of zero)",20.000000,17.850000,30.000000,27.850000,134.972879,132.822879,139.946576,137.796576,"",0.000000,0.000000,0.000000,104.972879,109.946576,107.421013,114.972879,119.946576,117.421013,2,5,4,0,1,1,5,16,35,63,50,39,19,26,34,11,10,9,14,13,11,17,7,8,13,7,13,1,3,1,0,0,0,0,0,0,0,0,0,0,0,0,0,0,0,0,0,0,0,0,0
2,"so2","Unclassified regions",1761,2,4,30.000000,40.000000,3672,7403,5537,3000.707611,5999.382742,4782.000550,0.000000,0.000000,0.000000,20210815, 22:57:27.3530,20210815, 23:35:57.2570,20210815, 23:16:41.7530,42.62938333,-87.22971457,42.62926667,-87.26619976,42.62931833,-87.25139927,137.421013,"12.1.45.43607",3,20220329, 13:10:54.8960,"C:\Users\dmwarner\Documents\Acoustics\Michigan\acoustic\2021\EVfiles_sturgeon\so2.ev","Bin_count",19,0,0,414,0,135.271013,"","","Surface (depth of zero)",30.000000,27.850000,40.000000,37.850000,134.972879,132.822879,139.946576,137.796576,"",0.000000,0.000000,0.000000,94.972879,99.946576,97.421013,104.972879,109.946576,107.421013,0,0,0,0,0,0,0,0,0,0,0,4,2,2,8,3,0,0,0,0,0,0,0,0,0,0,0,0,0,0,0,0,0,0,0,0,0,0,0,0,0,0,0,0,0,0,0,0,0,0,0
2,"so2","Unclassified regions",1761,2,5,40.000000,50.000000,3672,7403,5537,3000.707611,5999.382742,4782.000550,0.000000,0.000000,0.000000,20210815, 22:57:27.3530,20210815, 23:35:57.2570,20210815, 23:16:41.7530,42.62938333,-87.22971457,42.62926667,-87.26619976,42.62931833,-87.25139927,137.421013,"12.1.45.43607",3,20220329, 13:10:54.8960,"C:\Users\dmwarner\Documents\Acoustics\Michigan\acoustic\2021\EVfiles_sturgeon\so2.ev","Bin_count",7,0,0,519,0,135.271013,"","","Surface (depth of zero)",40.000000,37.850000,50.000000,47.850000,134.972879,132.822879,139.946576,137.796576,"",0.000000,0.000000,0.000000,84.972879,89.946576,87.421013,94.972879,99.946576,97.421013,0,0,0,0,0,0,0,1,0,0,0,0,0,2,4,0,0,0,0,0,0,0,0,0,0,0,0,0,0,0,0,0,0,0,0,0,0,0,0,0,0,0,0,0,0,0,0,0,0,0,0
2,"so2","Unclassified regions",1761,2,6,50.000000,60.000000,3672,7403,5537,3000.707611,5999.382742,4782.000550,0.000000,0.000000,0.000000,20210815, 22:57:27.3530,20210815, 23:35:57.2570,20210815, 23:16:41.7530,42.62938333,-87.22971457,42.62926667,-87.26619976,42.62931833,-87.25139927,137.421013,"12.1.45.43607",3,20220329, 13:10:54.8960,"C:\Users\dmwarner\Documents\Acoustics\Michigan\acoustic\2021\EVfiles_sturgeon\so2.ev","Bin_count",6,0,0,619,0,135.271013,"","","Surface (depth of zero)",50.000000,47.850000,60.000000,57.850000,134.972879,132.822879,139.946576,137.796576,"",0.000000,0.000000,0.000000,74.972879,79.946576,77.421013,84.972879,89.946576,87.421013,0,0,0,0,0,0,0,0,2,0,3,1,0,0,0,0,0,0,0,0,0,0,0,0,0,0,0,0,0,0,0,0,0,0,0,0,0,0,0,0,0,0,0,0,0,0,0,0,0,0,0
2,"so2","Unclassified regions",1761,2,7,60.000000,70.000000,3672,7403,5537,3000.707611,5999.382742,4782.000550,0.000000,0.000000,0.000000,20210815, 22:57:27.3530,20210815, 23:35:57.2570,20210815, 23:16:41.7530,42.62938333,-87.22971457,42.62926667,-87.26619976,42.62931833,-87.25139927,137.421013,"12.1.45.43607",3,20220329, 13:10:54.8960,"C:\Users\dmwarner\Documents\Acoustics\Michigan\acoustic\2021\EVfiles_sturgeon\so2.ev","Bin_count",24,0,0,674,0,135.271013,"","","Surface (depth of zero)",60.000000,57.850000,70.000000,67.850000,134.972879,132.822879,139.946576,137.796576,"",0.000000,0.000000,0.000000,64.972879,69.946576,67.421013,74.972879,79.946576,77.421013,0,0,0,0,0,0,0,0,0,0,0,2,2,6,4,1,0,0,0,0,0,0,0,0,0,0,0,0,0,0,1,1,0,1,3,1,2,0,0,0,0,0,0,0,0,0,0,0,0,0,0
2,"so2","Unclassified regions",1761,2,8,70.000000,80.000000,3672,7403,5537,3000.707611,5999.382742,4782.000550,0.000000,0.000000,0.000000,20210815, 22:57:27.3530,20210815, 23:35:57.2570,20210815, 23:16:41.7530,42.62938333,-87.22971457,42.62926667,-87.26619976,42.62931833,-87.25139927,137.421013,"12.1.45.43607",3,20220329, 13:10:54.8960,"C:\Users\dmwarner\Documents\Acoustics\Michigan\acoustic\2021\EVfiles_sturgeon\so2.ev","Bin_count",31,0,0,655,0,135.271013,"","","Surface (depth of zero)",70.000000,67.850000,80.000000,77.850000,134.972879,132.822879,139.946576,137.796576,"",0.000000,0.000000,0.000000,54.972879,59.946576,57.421013,64.972879,69.946576,67.421013,0,0,0,0,0,0,0,0,0,0,0,0,1,0,3,4,8,1,0,0,0,0,0,0,0,0,0,0,0,0,0,0,0,0,0,1,7,6,0,0,0,0,0,0,0,0,0,0,0,0,0
2,"so2","Unclassified regions",1761,2,9,80.000000,90.000000,3672,7403,5537,3000.707611,5999.382742,4782.000550,0.000000,0.000000,0.000000,20210815, 22:57:27.3530,20210815, 23:35:57.2570,20210815, 23:16:41.7530,42.62938333,-87.22971457,42.62926667,-87.26619976,42.62931833,-87.25139927,137.421013,"12.1.45.43607",3,20220329, 13:10:54.8960,"C:\Users\dmwarner\Documents\Acoustics\Michigan\acoustic\2021\EVfiles_sturgeon\so2.ev","Bin_count",44,0,0,780,0,135.271013,"","","Surface (depth of zero)",80.000000,77.850000,90.000000,87.850000,134.972879,132.822879,139.946576,137.796576,"",0.000000,0.000000,0.000000,44.972879,49.946576,47.421013,54.972879,59.946576,57.421013,0,0,0,0,0,0,0,0,0,0,0,0,0,0,0,1,4,2,4,1,0,0,0,0,0,0,0,0,0,0,1,0,1,0,1,2,7,11,8,1,0,0,0,0,0,0,0,0,0,0,0
2,"so2","Unclassified regions",1761,2,10,90.000000,100.000000,3672,7403,5537,3000.707611,5999.382742,4782.000550,0.000000,0.000000,0.000000,20210815, 22:57:27.3530,20210815, 23:35:57.2570,20210815, 23:16:41.7530,42.62938333,-87.22971457,42.62926667,-87.26619976,42.62931833,-87.25139927,137.421013,"12.1.45.43607",3,20220329, 13:10:54.8960,"C:\Users\dmwarner\Documents\Acoustics\Michigan\acoustic\2021\EVfiles_sturgeon\so2.ev","Bin_count",51,0,0,689,0,135.271013,"","","Surface (depth of zero)",90.000000,87.850000,100.000000,97.850000,134.972879,132.822879,139.946576,137.796576,"",0.000000,0.000000,0.000000,34.972879,39.946576,37.421013,44.972879,49.946576,47.421013,0,0,0,0,0,0,0,0,0,0,0,0,0,0,0,0,0,1,1,5,6,5,0,0,0,0,0,0,0,0,0,0,1,8,5,2,6,9,2,0,0,0,0,0,0,0,0,0,0,0,0
2,"so2","Unclassified regions",1761,2,11,100.000000,110.000000,3672,7403,5537,3000.707611,5999.382742,4782.000550,0.000000,0.000000,0.000000,20210815, 22:57:27.3530,20210815, 23:35:57.2570,20210815, 23:16:41.7530,42.62938333,-87.22971457,42.62926667,-87.26619976,42.62931833,-87.25139927,137.421013,"12.1.45.43607",3,20220329, 13:10:54.8960,"C:\Users\dmwarner\Documents\Acoustics\Michigan\acoustic\2021\EVfiles_sturgeon\so2.ev","Bin_count",25,0,0,630,0,135.271013,"","","Surface (depth of zero)",100.000000,97.850000,110.000000,107.850000,134.972879,132.822879,139.946576,137.796576,"",0.000000,0.000000,0.000000,24.972879,29.946576,27.421013,34.972879,39.946576,37.421013,0,0,0,0,0,0,0,0,0,0,0,0,0,0,0,0,0,1,2,2,0,9,5,5,1,0,0,0,0,0,0,0,0,0,0,0,0,0,0,0,0,0,0,0,0,0,0,0,0,0,0
2,"so2","Unclassified regions",1761,2,12,110.000000,120.000000,3672,7403,5537,3000.707611,5999.382742,4782.000550,0.000000,0.000000,0.000000,20210815, 22:57:27.3530,20210815, 23:35:57.2570,20210815, 23:16:41.7530,42.62938333,-87.22971457,42.62926667,-87.26619976,42.62931833,-87.25139927,137.421013,"12.1.45.43607",3,20220329, 13:10:54.8960,"C:\Users\dmwarner\Documents\Acoustics\Michigan\acoustic\2021\EVfiles_sturgeon\so2.ev","Bin_count",24,0,0,580,0,135.271013,"","","Surface (depth of zero)",110.000000,107.850000,120.000000,117.850000,134.972879,132.822879,139.946576,137.796576,"",0.000000,0.000000,0.000000,14.972879,19.946576,17.421013,24.972879,29.946576,27.421013,0,0,0,0,0,0,0,0,0,0,0,0,0,0,0,1,0,0,0,1,3,3,6,3,5,2,0,0,0,0,0,0,0,0,0,0,0,0,0,0,0,0,0,0,0,0,0,0,0,0,0
2,"so2","Unclassified regions",1761,2,13,120.000000,130.000000,3672,7403,5537,3000.707611,5999.382742,4782.000550,0.000000,0.000000,0.000000,20210815, 22:57:27.3530,20210815, 23:35:57.2570,20210815, 23:16:41.7530,42.62938333,-87.22971457,42.62926667,-87.26619976,42.62931833,-87.25139927,137.421013,"12.1.45.43607",3,20220329, 13:10:54.8960,"C:\Users\dmwarner\Documents\Acoustics\Michigan\acoustic\2021\EVfiles_sturgeon\so2.ev","Bin_count",11,0,0,503,0,135.271013,"","","Surface (depth of zero)",120.000000,117.850000,130.000000,127.850000,134.972879,132.822879,139.946576,137.796576,"",0.000000,0.000000,0.000000,4.972879,9.946576,7.421013,14.972879,19.946576,17.421013,0,0,0,0,0,0,0,0,0,0,0,0,0,0,0,0,0,0,0,0,1,0,0,2,3,2,3,0,0,0,0,0,0,0,0,0,0,0,0,0,0,0,0,0,0,0,0,0,0,0,0
2,"so2","Unclassified regions",1761,3,1,0.000000,10.000000,7404,10845,9124,6000.090384,8999.634068,6980.787631,0.000000,0.000000,0.000000,20210815, 23:35:57.8770,20210816, 00:11:26.6530,20210815, 23:53:43.2160,42.62926667,-87.26620838,42.62916000,-87.30270758,42.62921367,-87.27812098,132.448612,"12.1.45.43607",3,20220329, 13:10:54.8960,"C:\Users\dmwarner\Documents\Acoustics\Michigan\acoustic\2021\EVfiles_sturgeon\so2.ev","Bin_count",84,0,0,0,0,130.298612,"","","Surface (depth of zero)",0.000000,-2.150000,10.000000,7.850000,128.900105,126.750105,135.122886,132.972886,"",0.000000,0.000000,0.000000,118.900105,125.122886,122.448612,123.900105,130.122886,127.448612,0,0,0,0,0,0,0,0,0,0,4,2,1,6,12,13,11,8,5,6,6,2,1,0,1,0,2,1,3,0,0,0,0,0,0,0,0,0,0,0,0,0,0,0,0,0,0,0,0,0,0
2,"so2","Unclassified regions",1761,3,2,10.000000,20.000000,7404,10845,9124,6000.090384,8999.634068,6980.787631,0.000000,0.000000,0.000000,20210815, 23:35:57.8770,20210816, 00:11:26.6530,20210815, 23:53:43.2160,42.62926667,-87.26620838,42.62916000,-87.30270758,42.62921367,-87.27812098,132.448612,"12.1.45.43607",3,20220329, 13:10:54.8960,"C:\Users\dmwarner\Documents\Acoustics\Michigan\acoustic\2021\EVfiles_sturgeon\so2.ev","Bin_count",3227,0,0,0,3,130.298612,"","","Surface (depth of zero)",10.000000,7.850000,20.000000,17.850000,128.900105,126.750105,135.122886,132.972886,"",0.000000,0.000000,0.000000,108.900105,115.122886,112.448612,118.900105,125.122886,122.448612,3,11,16,16,12,11,36,44,36,55,84,71,111,121,123,160,171,175,211,235,299,254,192,175,176,126,115,91,55,26,13,2,1,0,0,0,0,0,0,0,0,0,0,0,0,0,0,0,0,0,0
2,"so2","Unclassified regions",1761,3,3,20.000000,30.000000,7404,10845,9124,6000.090384,8999.634068,6980.787631,0.000000,0.000000,0.000000,20210815, 23:35:57.8770,20210816, 00:11:26.6530,20210815, 23:53:43.2160,42.62926667,-87.26620838,42.62916000,-87.30270758,42.62921367,-87.27812098,132.448612,"12.1.45.43607",3,20220329, 13:10:54.8960,"C:\Users\dmwarner\Documents\Acoustics\Michigan\acoustic\2021\EVfiles_sturgeon\so2.ev","Bin_count",390,0,0,124,1,130.298612,"","","Surface (depth of zero)",20.000000,17.850000,30.000000,27.850000,128.900105,126.750105,135.122886,132.972886,"",0.000000,0.000000,0.000000,98.900105,105.122886,102.448612,108.900105,115.122886,112.448612,2,3,4,2,0,2,4,17,32,30,23,29,27,25,26,6,9,12,10,5,12,19,22,21,24,15,7,1,1,0,0,0,0,0,0,0,0,0,0,0,0,0,0,0,0,0,0,0,0,0,0
2,"so2","Unclassified regions",1761,3,4,30.000000,40.000000,7404,10845,9124,6000.090384,8999.634068,6980.787631,0.000000,0.000000,0.000000,20210815, 23:35:57.8770,20210816, 00:11:26.6530,20210815, 23:53:43.2160,42.62926667,-87.26620838,42.62916000,-87.30270758,42.62921367,-87.27812098,132.448612,"12.1.45.43607",3,20220329, 13:10:54.8960,"C:\Users\dmwarner\Documents\Acoustics\Michigan\acoustic\2021\EVfiles_sturgeon\so2.ev","Bin_count",38,0,0,181,0,130.298612,"","","Surface (depth of zero)",30.000000,27.850000,40.000000,37.850000,128.900105,126.750105,135.122886,132.972886,"",0.000000,0.000000,0.000000,88.900105,95.122886,92.448612,98.900105,105.122886,102.448612,0,0,0,0,1,0,0,0,0,1,3,4,9,10,3,2,0,1,0,1,3,0,0,0,0,0,0,0,0,0,0,0,0,0,0,0,0,0,0,0,0,0,0,0,0,0,0,0,0,0,0
2,"so2","Unclassified regions",1761,3,5,40.000000,50.000000,7404,10845,9124,6000.090384,8999.634068,6980.787631,0.000000,0.000000,0.000000,20210815, 23:35:57.8770,20210816, 00:11:26.6530,20210815, 23:53:43.2160,42.62926667,-87.26620838,42.62916000,-87.30270758,42.62921367,-87.27812098,132.448612,"12.1.45.43607",3,20220329, 13:10:54.8960,"C:\Users\dmwarner\Documents\Acoustics\Michigan\acoustic\2021\EVfiles_sturgeon\so2.ev","Bin_count",17,0,0,262,0,130.298612,"","","Surface (depth of zero)",40.000000,37.850000,50.000000,47.850000,128.900105,126.750105,135.122886,132.972886,"",0.000000,0.000000,0.000000,78.900105,85.122886,82.448612,88.900105,95.122886,92.448612,0,0,0,0,1,2,1,3,1,2,0,0,0,0,1,0,0,0,0,0,0,0,0,5,1,0,0,0,0,0,0,0,0,0,0,0,0,0,0,0,0,0,0,0,0,0,0,0,0,0,0
2,"so2","Unclassified regions",1761,3,6,50.000000,60.000000,7404,10845,9124,6000.090384,8999.634068,6980.787631,0.000000,0.000000,0.000000,20210815, 23:35:57.8770,20210816, 00:11:26.6530,20210815, 23:53:43.2160,42.62926667,-87.26620838,42.62916000,-87.30270758,42.62921367,-87.27812098,132.448612,"12.1.45.43607",3,20220329, 13:10:54.8960,"C:\Users\dmwarner\Documents\Acoustics\Michigan\acoustic\2021\EVfiles_sturgeon\so2.ev","Bin_count",53,0,0,302,0,130.298612,"","","Surface (depth of zero)",50.000000,47.850000,60.000000,57.850000,128.900105,126.750105,135.122886,132.972886,"",0.000000,0.000000,0.000000,68.900105,75.122886,72.448612,78.900105,85.122886,82.448612,0,0,0,0,0,0,2,1,7,11,7,3,3,1,0,0,3,3,0,0,1,3,2,0,0,0,0,0,0,1,1,0,1,0,1,2,0,0,0,0,0,0,0,0,0,0,0,0,0,0,0
2,"so2","Unclassified regions",1761,3,7,60.000000,70.000000,7404,10845,9124,6000.090384,8999.634068,6980.787631,0.000000,0.000000,0.000000,20210815, 23:35:57.8770,20210816, 00:11:26.6530,20210815, 23:53:43.2160,42.62926667,-87.26620838,42.62916000,-87.30270758,42.62921367,-87.27812098,132.448612,"12.1.45.43607",3,20220329, 13:10:54.8960,"C:\Users\dmwarner\Documents\Acoustics\Michigan\acoustic\2021\EVfiles_sturgeon\so2.ev","Bin_count",150,0,0,275,0,130.298612,"","","Surface (depth of zero)",60.000000,57.850000,70.000000,67.850000,128.900105,126.750105,135.122886,132.972886,"",0.000000,0.000000,0.000000,58.900105,65.122886,62.448612,68.900105,75.122886,72.448612,0,0,0,0,0,0,0,0,0,0,4,10,32,30,27,10,0,0,2,2,0,0,1,1,1,0,0,1,0,2,0,2,2,2,2,12,6,1,0,0,0,0,0,0,0,0,0,0,0,0,0
2,"so2","Unclassified regions",1761,3,8,70.000000,80.000000,7404,10845,9124,6000.090384,8999.634068,6980.787631,0.000000,0.000000,0.000000,20210815, 23:35:57.8770,20210816, 00:11:26.6530,20210815, 23:53:43.2160,42.62926667,-87.26620838,42.62916000,-87.30270758,42.62921367,-87.27812098,132.448612,"12.1.45.43607",3,20220329, 13:10:54.8960,"C:\Users\dmwarner\Documents\Acoustics\Michigan\acoustic\2021\EVfiles_sturgeon\so2.ev","Bin_count",258,0,0,370,0,130.298612,"","","Surface (depth of zero)",70.000000,67.850000,80.000000,77.850000,128.900105,126.750105,135.122886,132.972886,"",0.000000,0.000000,0.000000,48.900105,55.122886,52.448612,58.900105,65.122886,62.448612,0,0,0,0,0,0,0,0,0,0,0,0,8,24,26,28,30,21,3,0,0,0,0,1,2,7,4,1,0,3,2,4,5,7,6,14,27,29,6,0,0,0,0,0,0,0,0,0,0,0,0
2,"so2","Unclassified regions",1761,3,9,80.000000,90.000000,7404,10845,9124,6000.090384,8999.634068,6980.787631,0.000000,0.000000,0.000000,20210815, 23:35:57.8770,20210816, 00:11:26.6530,20210815, 23:53:43.2160,42.62926667,-87.26620838,42.62916000,-87.30270758,42.62921367,-87.27812098,132.448612,"12.1.45.43607",3,20220329, 13:10:54.8960,"C:\Users\dmwarner\Documents\Acoustics\Michigan\acoustic\2021\EVfiles_sturgeon\so2.ev","Bin_count",332,0,0,400,0,130.298612,"","","Surface (depth of zero)",80.000000,77.850000,90.000000,87.850000,128.900105,126.750105,135.122886,132.972886,"",0.000000,0.000000,0.000000,38.900105,45.122886,42.448612,48.900105,55.122886,52.448612,0,0,0,0,0,0,0,0,0,0,0,0,0,1,5,6,18,30,13,8,0,0,0,2,4,6,7,8,9,14,10,18,14,28,22,13,42,36,18,0,0,0,0,0,0,0,0,0,0,0,0
2,"so2","Unclassified regions",1761,3,10,90.000000,100.000000,7404,10845,9124,6000.090384,8999.634068,6980.787631,0.000000,0.000000,0.000000,20210815, 23:35:57.8770,20210816, 00:11:26.6530,20210815, 23:53:43.2160,42.62926667,-87.26620838,42.62916000,-87.30270758,42.62921367,-87.27812098,132.448612,"12.1.45.43607",3,20220329, 13:10:54.8960,"C:\Users\dmwarner\Documents\Acoustics\Michigan\acoustic\2021\EVfiles_sturgeon\so2.ev","Bin_count",381,0,0,329,0,130.298612,"","","Surface (depth of zero)",90.000000,87.850000,100.000000,97.850000,128.900105,126.750105,135.122886,132.972886,"",0.000000,0.000000,0.000000,28.900105,35.122886,32.448612,38.900105,45.122886,42.448612,0,0,0,0,0,0,0,0,0,0,0,0,0,0,0,0,2,3,2,6,5,3,0,0,1,5,9,8,5,5,8,5,19,28,42,76,92,48,9,0,0,0,0,0,0,0,0,0,0,0,0
2,"so2","Unclassified regions",1761,3,11,100.000000,110.000000,7404,10845,9124,6000.090384,8999.634068,6980.787631,0.000000,0.000000,0.000000,20210815, 23:35:57.8770,20210816, 00:11:26.6530,20210815, 23:53:43.2160,42.62926667,-87.26620838,42.62916000,-87.30270758,42.62921367,-87.27812098,132.448612,"12.1.45.43607",3,20220329, 13:10:54.8960,"C:\Users\dmwarner\Documents\Acoustics\Michigan\acoustic\2021\EVfiles_sturgeon\so2.ev","Bin_count",115,0,0,293,0,130.298612,"","","Surface (depth of zero)",100.000000,97.850000,110.000000,107.850000,128.900105,126.750105,135.122886,132.972886,"",0.000000,0.000000,0.000000,18.900105,25.122886,22.448612,28.900105,35.122886,32.448612,0,0,0,0,0,0,0,0,0,0,0,0,0,0,0,0,0,0,0,1,0,1,0,1,0,1,1,3,6,2,1,4,0,11,11,24,21,22,5,0,0,0,0,0,0,0,0,0,0,0,0
2,"so2","Unclassified regions",1761,3,12,110.000000,120.000000,7404,10845,9124,6000.090384,8999.634068,6980.787631,0.000000,0.000000,0.000000,20210815, 23:35:57.8770,20210816, 00:11:26.6530,20210815, 23:53:43.2160,42.62926667,-87.26620838,42.62916000,-87.30270758,42.62921367,-87.27812098,132.448612,"12.1.45.43607",3,20220329, 13:10:54.8960,"C:\Users\dmwarner\Documents\Acoustics\Michigan\acoustic\2021\EVfiles_sturgeon\so2.ev","Bin_count",33,0,0,221,0,130.298612,"","","Surface (depth of zero)",110.000000,107.850000,120.000000,117.850000,128.900105,126.750105,135.122886,132.972886,"",0.000000,0.000000,0.000000,8.900105,15.122886,12.448612,18.900105,25.122886,22.448612,0,0,0,0,0,0,0,0,0,0,0,0,0,0,0,0,0,0,0,0,0,0,2,0,0,2,1,1,0,2,2,2,1,8,6,4,2,0,0,0,0,0,0,0,0,0,0,0,0,0,0
2,"so2","Unclassified regions",1761,3,13,120.000000,130.000000,7404,10845,9124,6000.090384,8999.634068,6980.787631,0.000000,0.000000,0.000000,20210815, 23:35:57.8770,20210816, 00:11:26.6530,20210815, 23:53:43.2160,42.62926667,-87.26620838,42.62916000,-87.30270758,42.62921367,-87.27812098,132.448612,"12.1.45.43607",3,20220329, 13:10:54.8960,"C:\Users\dmwarner\Documents\Acoustics\Michigan\acoustic\2021\EVfiles_sturgeon\so2.ev","Bin_count",122,0,0,263,0,130.298612,"","","Surface (depth of zero)",120.000000,117.850000,130.000000,127.850000,128.900105,126.750105,135.122886,132.972886,"",0.000000,0.000000,0.000000,-9.9e+37,-9.9e+37,-9.9e+37,-9.9e+37,-9.9e+37,-9.9e+37,0,0,0,0,0,0,0,0,0,0,0,0,0,0,0,0,0,0,0,0,0,1,1,2,7,3,3,5,5,3,2,4,1,3,4,9,31,32,6,0,0,0,0,0,0,0,0,0,0,0,0
2,"so2","Unclassified regions",1761,3,14,130.000000,140.000000,7404,10845,9124,6000.090384,8999.634068,6980.787631,0.000000,0.000000,0.000000,20210815, 23:35:57.8770,20210816, 00:11:26.6530,20210815, 23:53:43.2160,42.62926667,-87.26620838,42.62916000,-87.30270758,42.62921367,-87.27812098,132.448612,"12.1.45.43607",3,20220329, 13:10:54.8960,"C:\Users\dmwarner\Documents\Acoustics\Michigan\acoustic\2021\EVfiles_sturgeon\so2.ev","Bin_count",4,0,0,166,0,130.298612,"","","Surface (depth of zero)",130.000000,127.850000,140.000000,137.850000,128.900105,126.750105,135.122886,132.972886,"",0.000000,0.000000,0.000000,-9.9e+37,-9.9e+37,-9.9e+37,-9.9e+37,-9.9e+37,-9.9e+37,0,0,0,0,0,0,0,0,0,0,0,0,0,0,0,0,0,0,0,0,0,0,0,0,0,1,0,0,0,0,0,1,0,0,0,0,0,2,0,0,0,0,0,0,0,0,0,0,0,0,0
2,"so2","Unclassified regions",1761,4,1,0.000000,10.000000,10846,13190,12018,9000.956816,11999.681878,10503.783205,0.000000,0.000000,0.000000,20210816, 00:11:27.2710,20210816, 00:35:34.6540,20210816, 00:23:30.9760,42.62916000,-87.30272371,42.62908500,-87.33924941,42.62911926,-87.32102724,125.769208,"12.1.45.43607",3,20220329, 13:10:54.8960,"C:\Users\dmwarner\Documents\Acoustics\Michigan\acoustic\2021\EVfiles_sturgeon\so2.ev","Bin_count",58,0,0,0,0,123.619208,"","","Surface (depth of zero)",0.000000,-2.150000,10.000000,7.850000,123.019414,120.869414,129.153312,127.003312,"",0.000000,0.000000,0.000000,113.019414,119.153312,115.769208,118.019414,124.153312,120.769208,0,0,0,0,0,1,0,0,1,2,1,5,1,3,5,6,4,5,5,4,7,2,2,0,1,1,1,0,1,0,0,0,0,0,0,0,0,0,0,0,0,0,0,0,0,0,0,0,0,0,0
2,"so2","Unclassified regions",1761,4,2,10.000000,20.000000,10846,13190,12018,9000.956816,11999.681878,10503.783205,0.000000,0.000000,0.000000,20210816, 00:11:27.2710,20210816, 00:35:34.6540,20210816, 00:23:30.9760,42.62916000,-87.30272371,42.62908500,-87.33924941,42.62911926,-87.32102724,125.769208,"12.1.45.43607",3,20220329, 13:10:54.8960,"C:\Users\dmwarner\Documents\Acoustics\Michigan\acoustic\2021\EVfiles_sturgeon\so2.ev","Bin_count",2121,0,0,0,7,123.619208,"","","Surface (depth of zero)",10.000000,7.850000,20.000000,17.850000,123.019414,120.869414,129.153312,127.003312,"",0.000000,0.000000,0.000000,103.019414,109.153312,105.769208,113.019414,119.153312,115.769208,9,11,19,23,19,23,30,34,56,57,53,60,72,77,83,75,85,94,113,147,146,122,90,88,112,121,112,102,61,21,5,1,0,0,0,0,0,0,0,0,0,0,0,0,0,0,0,0,0,0,0
2,"so2","Unclassified regions",1761,4,3,20.000000,30.000000,10846,13190,12018,9000.956816,11999.681878,10503.783205,0.000000,0.000000,0.000000,20210816, 00:11:27.2710,20210816, 00:35:34.6540,20210816, 00:23:30.9760,42.62916000,-87.30272371,42.62908500,-87.33924941,42.62911926,-87.32102724,125.769208,"12.1.45.43607",3,20220329, 13:10:54.8960,"C:\Users\dmwarner\Documents\Acoustics\Michigan\acoustic\2021\EVfiles_sturgeon\so2.ev","Bin_count",319,0,0,0,0,123.619208,"","","Surface (depth of zero)",20.000000,17.850000,30.000000,27.850000,123.019414,120.869414,129.153312,127.003312,"",0.000000,0.000000,0.000000,93.019414,99.153312,95.769208,103.019414,109.153312,105.769208,1,0,0,0,2,0,3,12,37,47,40,43,35,19,17,7,2,1,2,1,0,2,4,15,19,5,3,2,0,0,0,0,0,0,0,0,0,0,0,0,0,0,0,0,0,0,0,0,0,0,0
2,"so2","Unclassified regions",1761,4,4,30.000000,40.000000,10846,13190,12018,9000.956816,11999.681878,10503.783205,0.000000,0.000000,0.000000,20210816, 00:11:27.2710,20210816, 00:35:34.6540,20210816, 00:23:30.9760,42.62916000,-87.30272371,42.62908500,-87.33924941,42.62911926,-87.32102724,125.769208,"12.1.45.43607",3,20220329, 13:10:54.8960,"C:\Users\dmwarner\Documents\Acoustics\Michigan\acoustic\2021\EVfiles_sturgeon\so2.ev","Bin_count",40,0,0,0,1,123.619208,"","","Surface (depth of zero)",30.000000,27.850000,40.000000,37.850000,123.019414,120.869414,129.153312,127.003312,"",0.000000,0.000000,0.000000,83.019414,89.153312,85.769208,93.019414,99.153312,95.769208,0,1,0,0,0,0,0,0,0,0,1,10,8,9,9,2,0,0,0,0,0,0,0,0,0,0,0,0,0,0,0,0,0,0,0,0,0,0,0,0,0,0,0,0,0,0,0,0,0,0,0
2,"so2","Unclassified regions",1761,4,5,40.000000,50.000000,10846,13190,12018,9000.956816,11999.681878,10503.783205,0.000000,0.000000,0.000000,20210816, 00:11:27.2710,20210816, 00:35:34.6540,20210816, 00:23:30.9760,42.62916000,-87.30272371,42.62908500,-87.33924941,42.62911926,-87.32102724,125.769208,"12.1.45.43607",3,20220329, 13:10:54.8960,"C:\Users\dmwarner\Documents\Acoustics\Michigan\acoustic\2021\EVfiles_sturgeon\so2.ev","Bin_count",47,0,0,0,0,123.619208,"","","Surface (depth of zero)",40.000000,37.850000,50.000000,47.850000,123.019414,120.869414,129.153312,127.003312,"",0.000000,0.000000,0.000000,73.019414,79.153312,75.769208,83.019414,89.153312,85.769208,0,0,1,2,2,4,11,8,10,3,0,1,0,2,3,0,0,0,0,0,0,0,0,0,0,0,0,0,0,0,0,0,0,0,0,0,0,0,0,0,0,0,0,0,0,0,0,0,0,0,0
2,"so2","Unclassified regions",1761,4,6,50.000000,60.000000,10846,13190,12018,9000.956816,11999.681878,10503.783205,0.000000,0.000000,0.000000,20210816, 00:11:27.2710,20210816, 00:35:34.6540,20210816, 00:23:30.9760,42.62916000,-87.30272371,42.62908500,-87.33924941,42.62911926,-87.32102724,125.769208,"12.1.45.43607",3,20220329, 13:10:54.8960,"C:\Users\dmwarner\Documents\Acoustics\Michigan\acoustic\2021\EVfiles_sturgeon\so2.ev","Bin_count",176,0,0,0,0,123.619208,"","","Surface (depth of zero)",50.000000,47.850000,60.000000,57.850000,123.019414,120.869414,129.153312,127.003312,"",0.000000,0.000000,0.000000,63.019414,69.153312,65.769208,73.019414,79.153312,75.769208,0,0,0,0,0,0,0,4,15,25,39,20,15,2,2,2,5,1,0,0,0,0,0,1,2,2,0,1,2,2,1,1,3,3,5,7,8,6,2,0,0,0,0,0,0,0,0,0,0,0,0
2,"so2","Unclassified regions",1761,4,7,60.000000,70.000000,10846,13190,12018,9000.956816,11999.681878,10503.783205,0.000000,0.000000,0.000000,20210816, 00:11:27.2710,20210816, 00:35:34.6540,20210816, 00:23:30.9760,42.62916000,-87.30272371,42.62908500,-87.33924941,42.62911926,-87.32102724,125.769208,"12.1.45.43607",3,20220329, 13:10:54.8960,"C:\Users\dmwarner\Documents\Acoustics\Michigan\acoustic\2021\EVfiles_sturgeon\so2.ev","Bin_count",256,0,0,0,0,123.619208,"","","Surface (depth of zero)",60.000000,57.850000,70.000000,67.850000,123.019414,120.869414,129.153312,127.003312,"",0.000000,0.000000,0.000000,53.019414,59.153312,55.769208,63.019414,69.153312,65.769208,0,0,0,0,0,0,0,0,0,2,8,34,59,43,34,8,1,2,0,0,0,0,1,6,2,5,7,1,2,0,1,2,7,4,2,5,10,4,5,1,0,0,0,0,0,0,0,0,0,0,0
2,"so2","Unclassified regions",1761,4,8,70.000000,80.000000,10846,13190,12018,9000.956816,11999.681878,10503.783205,0.000000,0.000000,0.000000,20210816, 00:11:27.2710,20210816, 00:35:34.6540,20210816, 00:23:30.9760,42.62916000,-87.30272371,42.62908500,-87.33924941,42.62911926,-87.32102724,125.769208,"12.1.45.43607",3,20220329, 13:10:54.8960,"C:\Users\dmwarner\Documents\Acoustics\Michigan\acoustic\2021\EVfiles_sturgeon\so2.ev","Bin_count",223,0,0,0,0,123.619208,"","","Surface (depth of zero)",70.000000,67.850000,80.000000,77.850000,123.019414,120.869414,129.153312,127.003312,"",0.000000,0.000000,0.000000,43.019414,49.153312,45.769208,53.019414,59.153312,55.769208,0,0,0,0,0,0,0,0,0,1,0,2,2,17,29,14,12,7,2,1,2,1,3,8,5,9,3,1,4,3,1,3,0,3,8,19,21,22,11,9,0,0,0,0,0,0,0,0,0,0,0
2,"so2","Unclassified regions",1761,4,9,80.000000,90.000000,10846,13190,12018,9000.956816,11999.681878,10503.783205,0.000000,0.000000,0.000000,20210816, 00:11:27.2710,20210816, 00:35:34.6540,20210816, 00:23:30.9760,42.62916000,-87.30272371,42.62908500,-87.33924941,42.62911926,-87.32102724,125.769208,"12.1.45.43607",3,20220329, 13:10:54.8960,"C:\Users\dmwarner\Documents\Acoustics\Michigan\acoustic\2021\EVfiles_sturgeon\so2.ev","Bin_count",454,0,0,0,0,123.619208,"","","Surface (depth of zero)",80.000000,77.850000,90.000000,87.850000,123.019414,120.869414,129.153312,127.003312,"",0.000000,0.000000,0.000000,33.019414,39.153312,35.769208,43.019414,49.153312,45.769208,0,0,0,0,0,0,0,0,0,0,0,0,0,0,0,1,1,5,2,2,1,3,2,8,14,13,7,4,7,6,10,16,14,23,43,70,99,94,8,0,1,0,0,0,0,0,0,0,0,0,0
2,"so2","Unclassified regions",1761,4,10,90.000000,100.000000,10846,13190,12018,9000.956816,11999.681878,10503.783205,0.000000,0.000000,0.000000,20210816, 00:11:27.2710,20210816, 00:35:34.6540,20210816, 00:23:30.9760,42.62916000,-87.30272371,42.62908500,-87.33924941,42.62911926,-87.32102724,125.769208,"12.1.45.43607",3,20220329, 13:10:54.8960,"C:\Users\dmwarner\Documents\Acoustics\Michigan\acoustic\2021\EVfiles_sturgeon\so2.ev","Bin_count",611,0,0,0,0,123.619208,"","","Surface (depth of zero)",90.000000,87.850000,100.000000,97.850000,123.019414,120.869414,129.153312,127.003312,"",0.000000,0.000000,0.000000,23.019414,29.153312,25.769208,33.019414,39.153312,35.769208,0,0,0,0,0,0,0,0,0,0,0,0,0,0,1,0,2,0,5,6,11,7,5,4,9,5,10,8,20,10,10,18,30,22,46,74,126,139,33,7,3,0,0,0,0,0,0,0,0,0,0
2,"so2","Unclassified regions",1761,4,11,100.000000,110.000000,10846,13190,12018,9000.956816,11999.681878,10503.783205,0.000000,0.000000,0.000000,20210816, 00:11:27.2710,20210816, 00:35:34.6540,20210816, 00:23:30.9760,42.62916000,-87.30272371,42.62908500,-87.33924941,42.62911926,-87.32102724,125.769208,"12.1.45.43607",3,20220329, 13:10:54.8960,"C:\Users\dmwarner\Documents\Acoustics\Michigan\acoustic\2021\EVfiles_sturgeon\so2.ev","Bin_count",307,0,0,0,0,123.619208,"","","Surface (depth of zero)",100.000000,97.850000,110.000000,107.850000,123.019414,120.869414,129.153312,127.003312,"",0.000000,0.000000,0.000000,13.019414,19.153312,15.769208,23.019414,29.153312,25.769208,0,0,0,0,0,0,0,0,0,0,0,0,0,1,0,0,0,1,6,7,16,19,16,10,4,1,8,3,7,8,8,10,14,10,24,24,50,53,7,0,0,0,0,0,0,0,0,0,0,0,0
2,"so2","Unclassified regions",1761,4,12,110.000000,120.000000,10846,13190,12018,9000.956816,11999.681878,10503.783205,0.000000,0.000000,0.000000,20210816, 00:11:27.2710,20210816, 00:35:34.6540,20210816, 00:23:30.9760,42.62916000,-87.30272371,42.62908500,-87.33924941,42.62911926,-87.32102724,125.769208,"12.1.45.43607",3,20220329, 13:10:54.8960,"C:\Users\dmwarner\Documents\Acoustics\Michigan\acoustic\2021\EVfiles_sturgeon\so2.ev","Bin_count",215,0,0,0,0,123.619208,"","","Surface (depth of zero)",110.000000,107.850000,120.000000,117.850000,123.019414,120.869414,129.153312,127.003312,"",0.000000,0.000000,0.000000,3.019414,9.153312,5.769208,13.019414,19.153312,15.769208,0,0,0,0,0,0,0,0,0,0,0,0,0,0,0,0,0,0,0,3,10,19,35,45,26,7,2,3,4,3,1,5,5,7,8,9,6,10,7,0,0,0,0,0,0,0,0,0,0,0,0
2,"so2","Unclassified regions",1761,4,13,120.000000,130.000000,10846,13190,12018,9000.956816,11999.681878,10503.783205,0.000000,0.000000,0.000000,20210816, 00:11:27.2710,20210816, 00:35:34.6540,20210816, 00:23:30.9760,42.62916000,-87.30272371,42.62908500,-87.33924941,42.62911926,-87.32102724,125.769208,"12.1.45.43607",3,20220329, 13:10:54.8960,"C:\Users\dmwarner\Documents\Acoustics\Michigan\acoustic\2021\EVfiles_sturgeon\so2.ev","Bin_count",422,0,0,0,0,123.619208,"","","Surface (depth of zero)",120.000000,117.850000,130.000000,127.850000,123.019414,120.869414,129.153312,127.003312,"",0.000000,0.000000,0.000000,-9.9e+37,-9.9e+37,-9.9e+37,-9.9e+37,-9.9e+37,-9.9e+37,0,0,0,0,0,0,0,0,0,0,0,0,0,0,0,0,0,0,0,1,0,4,21,23,20,15,10,2,9,10,10,14,31,26,37,44,69,53,21,2,0,0,0,0,0,0,0,0,0,0,0
2,"so2","Unclassified regions",1761,5,1,0.000000,10.000000,13191,16809,15000,12001.150138,14999.784516,13866.014623,0.000000,0.000000,0.000000,20210816, 00:35:35.2710,20210816, 01:12:54.3510,20210816, 00:54:14.0720,42.62908500,-87.33926731,42.62893967,-87.37573569,42.62900576,-87.36196805,119.553219,"12.1.45.43607",3,20220329, 13:10:54.8960,"C:\Users\dmwarner\Documents\Acoustics\Michigan\acoustic\2021\EVfiles_sturgeon\so2.ev","Bin_count",57,0,0,0,0,117.403219,"","","Surface (depth of zero)",0.000000,-2.150000,10.000000,7.850000,117.006458,114.856458,123.116410,120.966410,"",0.000000,0.000000,0.000000,107.006458,113.116410,109.553219,112.006458,118.116410,114.553219,0,0,0,1,1,0,0,0,1,1,1,4,6,0,6,6,5,2,2,1,5,0,2,1,1,3,0,1,2,2,3,0,0,0,0,0,0,0,0,0,0,0,0,0,0,0,0,0,0,0,0
2,"so2","Unclassified regions",1761,5,2,10.000000,20.000000,13191,16809,15000,12001.150138,14999.784516,13866.014623,0.000000,0.000000,0.000000,20210816, 00:35:35.2710,20210816, 01:12:54.3510,20210816, 00:54:14.0720,42.62908500,-87.33926731,42.62893967,-87.37573569,42.62900576,-87.36196805,119.553219,"12.1.45.43607",3,20220329, 13:10:54.8960,"C:\Users\dmwarner\Documents\Acoustics\Michigan\acoustic\2021\EVfiles_sturgeon\so2.ev","Bin_count",2748,0,0,0,1,117.403219,"","","Surface (depth of zero)",10.000000,7.850000,20.000000,17.850000,117.006458,114.856458,123.116410,120.966410,"",0.000000,0.000000,0.000000,97.006458,103.116410,99.553219,107.006458,113.116410,109.553219,6,13,8,10,8,13,13,29,28,28,46,45,59,81,64,80,112,127,169,211,220,194,178,185,199,199,153,143,80,21,19,6,1,0,0,0,0,0,0,0,0,0,0,0,0,0,0,0,0,0,0
2,"so2","Unclassified regions",1761,5,3,20.000000,30.000000,13191,16809,15000,12001.150138,14999.784516,13866.014623,0.000000,0.000000,0.000000,20210816, 00:35:35.2710,20210816, 01:12:54.3510,20210816, 00:54:14.0720,42.62908500,-87.33926731,42.62893967,-87.37573569,42.62900576,-87.36196805,119.553219,"12.1.45.43607",3,20220329, 13:10:54.8960,"C:\Users\dmwarner\Documents\Acoustics\Michigan\acoustic\2021\EVfiles_sturgeon\so2.ev","Bin_count",241,0,0,0,2,117.403219,"","","Surface (depth of zero)",20.000000,17.850000,30.000000,27.850000,117.006458,114.856458,123.116410,120.966410,"",0.000000,0.000000,0.000000,87.006458,93.116410,89.553219,97.006458,103.116410,99.553219,4,4,11,13,6,7,7,6,22,15,31,23,8,12,16,2,0,2,0,0,2,8,7,10,14,3,2,3,2,1,0,0,0,0,0,0,0,0,0,0,0,0,0,0,0,0,0,0,0,0,0
2,"so2","Unclassified regions",1761,5,4,30.000000,40.000000,13191,16809,15000,12001.150138,14999.784516,13866.014623,0.000000,0.000000,0.000000,20210816, 00:35:35.2710,20210816, 01:12:54.3510,20210816, 00:54:14.0720,42.62908500,-87.33926731,42.62893967,-87.37573569,42.62900576,-87.36196805,119.553219,"12.1.45.43607",3,20220329, 13:10:54.8960,"C:\Users\dmwarner\Documents\Acoustics\Michigan\acoustic\2021\EVfiles_sturgeon\so2.ev","Bin_count",67,0,0,179,0,117.403219,"","","Surface (depth of zero)",30.000000,27.850000,40.000000,37.850000,117.006458,114.856458,123.116410,120.966410,"",0.000000,0.000000,0.000000,77.006458,83.116410,79.553219,87.006458,93.116410,89.553219,1,2,2,7,3,8,10,11,4,3,2,3,2,3,6,0,0,0,0,0,0,0,0,0,0,0,0,0,0,0,0,0,0,0,0,0,0,0,0,0,0,0,0,0,0,0,0,0,0,0,0
2,"so2","Unclassified regions",1761,5,5,40.000000,50.000000,13191,16809,15000,12001.150138,14999.784516,13866.014623,0.000000,0.000000,0.000000,20210816, 00:35:35.2710,20210816, 01:12:54.3510,20210816, 00:54:14.0720,42.62908500,-87.33926731,42.62893967,-87.37573569,42.62900576,-87.36196805,119.553219,"12.1.45.43607",3,20220329, 13:10:54.8960,"C:\Users\dmwarner\Documents\Acoustics\Michigan\acoustic\2021\EVfiles_sturgeon\so2.ev","Bin_count",30,0,0,278,0,117.403219,"","","Surface (depth of zero)",40.000000,37.850000,50.000000,47.850000,117.006458,114.856458,123.116410,120.966410,"",0.000000,0.000000,0.000000,67.006458,73.116410,69.553219,77.006458,83.116410,79.553219,0,0,0,1,1,1,1,5,3,1,0,0,0,0,5,9,3,0,0,0,0,0,0,0,0,0,0,0,0,0,0,0,0,0,0,0,0,0,0,0,0,0,0,0,0,0,0,0,0,0,0
2,"so2","Unclassified regions",1761,5,6,50.000000,60.000000,13191,16809,15000,12001.150138,14999.784516,13866.014623,0.000000,0.000000,0.000000,20210816, 00:35:35.2710,20210816, 01:12:54.3510,20210816, 00:54:14.0720,42.62908500,-87.33926731,42.62893967,-87.37573569,42.62900576,-87.36196805,119.553219,"12.1.45.43607",3,20220329, 13:10:54.8960,"C:\Users\dmwarner\Documents\Acoustics\Michigan\acoustic\2021\EVfiles_sturgeon\so2.ev","Bin_count",42,0,0,277,0,117.403219,"","","Surface (depth of zero)",50.000000,47.850000,60.000000,57.850000,117.006458,114.856458,123.116410,120.966410,"",0.000000,0.000000,0.000000,57.006458,63.116410,59.553219,67.006458,73.116410,69.553219,0,0,0,0,0,0,0,0,3,9,8,3,3,0,0,3,6,6,1,0,0,0,0,0,0,0,0,0,0,0,0,0,0,0,0,0,0,0,0,0,0,0,0,0,0,0,0,0,0,0,0
2,"so2","Unclassified regions",1761,5,7,60.000000,70.000000,13191,16809,15000,12001.150138,14999.784516,13866.014623,0.000000,0.000000,0.000000,20210816, 00:35:35.2710,20210816, 01:12:54.3510,20210816, 00:54:14.0720,42.62908500,-87.33926731,42.62893967,-87.37573569,42.62900576,-87.36196805,119.553219,"12.1.45.43607",3,20220329, 13:10:54.8960,"C:\Users\dmwarner\Documents\Acoustics\Michigan\acoustic\2021\EVfiles_sturgeon\so2.ev","Bin_count",29,0,0,291,0,117.403219,"","","Surface (depth of zero)",60.000000,57.850000,70.000000,67.850000,117.006458,114.856458,123.116410,120.966410,"",0.000000,0.000000,0.000000,47.006458,53.116410,49.553219,57.006458,63.116410,59.553219,0,0,0,0,0,0,0,0,0,0,2,4,6,5,1,1,0,1,2,1,0,0,0,1,0,0,0,0,1,0,0,0,0,0,0,0,4,0,0,0,0,0,0,0,0,0,0,0,0,0,0
2,"so2","Unclassified regions",1761,5,8,70.000000,80.000000,13191,16809,15000,12001.150138,14999.784516,13866.014623,0.000000,0.000000,0.000000,20210816, 00:35:35.2710,20210816, 01:12:54.3510,20210816, 00:54:14.0720,42.62908500,-87.33926731,42.62893967,-87.37573569,42.62900576,-87.36196805,119.553219,"12.1.45.43607",3,20220329, 13:10:54.8960,"C:\Users\dmwarner\Documents\Acoustics\Michigan\acoustic\2021\EVfiles_sturgeon\so2.ev","Bin_count",15,0,0,311,0,117.403219,"","","Surface (depth of zero)",70.000000,67.850000,80.000000,77.850000,117.006458,114.856458,123.116410,120.966410,"",0.000000,0.000000,0.000000,37.006458,43.116410,39.553219,47.006458,53.116410,49.553219,0,0,0,0,0,0,0,0,0,0,0,0,0,1,0,0,2,1,2,2,0,0,0,0,1,0,1,1,0,0,1,1,2,0,0,0,0,0,0,0,0,0,0,0,0,0,0,0,0,0,0
2,"so2","Unclassified regions",1761,5,9,80.000000,90.000000,13191,16809,15000,12001.150138,14999.784516,13866.014623,0.000000,0.000000,0.000000,20210816, 00:35:35.2710,20210816, 01:12:54.3510,20210816, 00:54:14.0720,42.62908500,-87.33926731,42.62893967,-87.37573569,42.62900576,-87.36196805,119.553219,"12.1.45.43607",3,20220329, 13:10:54.8960,"C:\Users\dmwarner\Documents\Acoustics\Michigan\acoustic\2021\EVfiles_sturgeon\so2.ev","Bin_count",110,0,0,373,0,117.403219,"","","Surface (depth of zero)",80.000000,77.850000,90.000000,87.850000,117.006458,114.856458,123.116410,120.966410,"",0.000000,0.000000,0.000000,27.006458,33.116410,29.553219,37.006458,43.116410,39.553219,0,0,0,0,0,0,0,0,0,0,0,0,0,0,0,1,3,2,0,1,1,0,0,1,1,2,3,3,2,2,3,5,7,13,8,19,22,11,0,0,0,0,0,0,0,0,0,0,0,0,0
2,"so2","Unclassified regions",1761,5,10,90.000000,100.000000,13191,16809,15000,12001.150138,14999.784516,13866.014623,0.000000,0.000000,0.000000,20210816, 00:35:35.2710,20210816, 01:12:54.3510,20210816, 00:54:14.0720,42.62908500,-87.33926731,42.62893967,-87.37573569,42.62900576,-87.36196805,119.553219,"12.1.45.43607",3,20220329, 13:10:54.8960,"C:\Users\dmwarner\Documents\Acoustics\Michigan\acoustic\2021\EVfiles_sturgeon\so2.ev","Bin_count",80,0,0,348,0,117.403219,"","","Surface (depth of zero)",90.000000,87.850000,100.000000,97.850000,117.006458,114.856458,123.116410,120.966410,"",0.000000,0.000000,0.000000,17.006458,23.116410,19.553219,27.006458,33.116410,29.553219,0,0,0,0,0,0,0,0,0,0,0,0,0,0,0,0,3,3,5,5,6,10,0,5,3,1,0,1,1,3,2,4,8,3,3,1,7,5,1,0,0,0,0,0,0,0,0,0,0,0,0
2,"so2","Unclassified regions",1761,5,11,100.000000,110.000000,13191,16809,15000,12001.150138,14999.784516,13866.014623,0.000000,0.000000,0.000000,20210816, 00:35:35.2710,20210816, 01:12:54.3510,20210816, 00:54:14.0720,42.62908500,-87.33926731,42.62893967,-87.37573569,42.62900576,-87.36196805,119.553219,"12.1.45.43607",3,20220329, 13:10:54.8960,"C:\Users\dmwarner\Documents\Acoustics\Michigan\acoustic\2021\EVfiles_sturgeon\so2.ev","Bin_count",122,0,0,419,0,117.403219,"","","Surface (depth of zero)",100.000000,97.850000,110.000000,107.850000,117.006458,114.856458,123.116410,120.966410,"",0.000000,0.000000,0.000000,7.006458,13.116410,9.553219,17.006458,23.116410,19.553219,0,0,0,0,0,0,0,0,0,0,0,0,0,0,0,0,0,3,4,8,10,11,19,6,2,4,4,2,3,1,5,3,3,4,5,6,5,14,0,0,0,0,0,0,0,0,0,0,0,0,0
2,"so2","Unclassified regions",1761,5,12,110.000000,120.000000,13191,16809,15000,12001.150138,14999.784516,13866.014623,0.000000,0.000000,0.000000,20210816, 00:35:35.2710,20210816, 01:12:54.3510,20210816, 00:54:14.0720,42.62908500,-87.33926731,42.62893967,-87.37573569,42.62900576,-87.36196805,119.553219,"12.1.45.43607",3,20220329, 13:10:54.8960,"C:\Users\dmwarner\Documents\Acoustics\Michigan\acoustic\2021\EVfiles_sturgeon\so2.ev","Bin_count",134,0,0,318,0,117.403219,"","","Surface (depth of zero)",110.000000,107.850000,120.000000,117.850000,117.006458,114.856458,123.116410,120.966410,"",0.000000,0.000000,0.000000,-9.9e+37,-9.9e+37,-9.9e+37,-9.9e+37,-9.9e+37,-9.9e+37,0,0,0,0,0,0,0,0,0,0,0,0,0,0,0,0,0,0,0,1,5,11,19,23,12,4,0,4,1,4,1,3,11,8,9,8,9,1,0,0,0,0,0,0,0,0,0,0,0,0,0
2,"so2","Unclassified regions",1761,5,13,120.000000,130.000000,13191,16809,15000,12001.150138,14999.784516,13866.014623,0.000000,0.000000,0.000000,20210816, 00:35:35.2710,20210816, 01:12:54.3510,20210816, 00:54:14.0720,42.62908500,-87.33926731,42.62893967,-87.37573569,42.62900576,-87.36196805,119.553219,"12.1.45.43607",3,20220329, 13:10:54.8960,"C:\Users\dmwarner\Documents\Acoustics\Michigan\acoustic\2021\EVfiles_sturgeon\so2.ev","Bin_count",101,0,0,0,0,117.403219,"","","Surface (depth of zero)",120.000000,117.850000,130.000000,127.850000,117.006458,114.856458,123.116410,120.966410,"",0.000000,0.000000,0.000000,-9.9e+37,-9.9e+37,-9.9e+37,-9.9e+37,-9.9e+37,-9.9e+37,0,0,0,0,0,0,0,0,0,0,0,0,0,0,0,0,0,0,0,0,0,1,4,2,3,3,1,4,4,1,0,4,12,11,11,10,19,9,2,0,0,0,0,0,0,0,0,0,0,0,0
2,"so2","Unclassified regions",1761,6,1,0.000000,10.000000,16810,19180,17995,15001.179829,17999.394513,16495.258840,0.000000,0.000000,0.000000,20210816, 01:12:54.9690,20210816, 01:37:18.7060,20210816, 01:25:06.9370,42.62893910,-87.37575262,42.62889000,-87.41226684,42.62889833,-87.39394810,112.994136,"12.1.45.43607",3,20220329, 13:10:54.8960,"C:\Users\dmwarner\Documents\Acoustics\Michigan\acoustic\2021\EVfiles_sturgeon\so2.ev","Bin_count",168,0,0,0,0,110.844136,"","","Surface (depth of zero)",0.000000,-2.150000,10.000000,7.850000,109.742026,107.592026,117.007431,114.857431,"",0.000000,0.000000,0.000000,99.742026,107.007431,102.994136,104.742026,112.007431,107.994136,0,0,0,0,1,2,0,0,1,2,3,5,9,6,8,12,7,5,3,9,16,18,22,7,7,6,4,6,6,3,0,0,0,0,0,0,0,0,0,0,0,0,0,0,0,0,0,0,0,0,0
2,"so2","Unclassified regions",1761,6,2,10.000000,20.000000,16810,19180,17995,15001.179829,17999.394513,16495.258840,0.000000,0.000000,0.000000,20210816, 01:12:54.9690,20210816, 01:37:18.7060,20210816, 01:25:06.9370,42.62893910,-87.37575262,42.62889000,-87.41226684,42.62889833,-87.39394810,112.994136,"12.1.45.43607",3,20220329, 13:10:54.8960,"C:\Users\dmwarner\Documents\Acoustics\Michigan\acoustic\2021\EVfiles_sturgeon\so2.ev","Bin_count",2106,0,0,0,2,110.844136,"","","Surface (depth of zero)",10.000000,7.850000,20.000000,17.850000,109.742026,107.592026,117.007431,114.857431,"",0.000000,0.000000,0.000000,89.742026,97.007431,92.994136,99.742026,107.007431,102.994136,8,10,5,12,9,8,20,29,44,52,43,48,54,58,62,50,49,63,76,93,122,136,152,163,196,176,166,116,47,30,7,2,0,0,0,0,0,0,0,0,0,0,0,0,0,0,0,0,0,0,0
2,"so2","Unclassified regions",1761,6,3,20.000000,30.000000,16810,19180,17995,15001.179829,17999.394513,16495.258840,0.000000,0.000000,0.000000,20210816, 01:12:54.9690,20210816, 01:37:18.7060,20210816, 01:25:06.9370,42.62893910,-87.37575262,42.62889000,-87.41226684,42.62889833,-87.39394810,112.994136,"12.1.45.43607",3,20220329, 13:10:54.8960,"C:\Users\dmwarner\Documents\Acoustics\Michigan\acoustic\2021\EVfiles_sturgeon\so2.ev","Bin_count",179,0,0,0,2,110.844136,"","","Surface (depth of zero)",20.000000,17.850000,30.000000,27.850000,109.742026,107.592026,117.007431,114.857431,"",0.000000,0.000000,0.000000,79.742026,87.007431,82.994136,89.742026,97.007431,92.994136,1,1,1,0,0,0,1,4,22,18,21,22,3,10,2,3,0,4,2,2,3,2,2,11,11,8,14,6,1,0,0,0,0,0,0,0,0,1,0,0,0,0,0,0,0,0,0,0,0,2,1
2,"so2","Unclassified regions",1761,6,4,30.000000,40.000000,16810,19180,17995,15001.179829,17999.394513,16495.258840,0.000000,0.000000,0.000000,20210816, 01:12:54.9690,20210816, 01:37:18.7060,20210816, 01:25:06.9370,42.62893910,-87.37575262,42.62889000,-87.41226684,42.62889833,-87.39394810,112.994136,"12.1.45.43607",3,20220329, 13:10:54.8960,"C:\Users\dmwarner\Documents\Acoustics\Michigan\acoustic\2021\EVfiles_sturgeon\so2.ev","Bin_count",24,0,0,0,0,110.844136,"","","Surface (depth of zero)",30.000000,27.850000,40.000000,37.850000,109.742026,107.592026,117.007431,114.857431,"",0.000000,0.000000,0.000000,69.742026,77.007431,72.994136,79.742026,87.007431,82.994136,0,1,0,1,0,0,0,0,1,3,6,2,9,0,1,0,0,0,0,0,0,0,0,0,0,0,0,0,0,0,0,0,0,0,0,0,0,0,0,0,0,0,0,0,0,0,0,0,0,0,0
2,"so2","Unclassified regions",1761,6,5,40.000000,50.000000,16810,19180,17995,15001.179829,17999.394513,16495.258840,0.000000,0.000000,0.000000,20210816, 01:12:54.9690,20210816, 01:37:18.7060,20210816, 01:25:06.9370,42.62893910,-87.37575262,42.62889000,-87.41226684,42.62889833,-87.39394810,112.994136,"12.1.45.43607",3,20220329, 13:10:54.8960,"C:\Users\dmwarner\Documents\Acoustics\Michigan\acoustic\2021\EVfiles_sturgeon\so2.ev","Bin_count",11,0,0,0,0,110.844136,"","","Surface (depth of zero)",40.000000,37.850000,50.000000,47.850000,109.742026,107.592026,117.007431,114.857431,"",0.000000,0.000000,0.000000,59.742026,67.007431,62.994136,69.742026,77.007431,72.994136,0,0,0,0,0,1,1,3,3,2,0,0,0,0,1,0,0,0,0,0,0,0,0,0,0,0,0,0,0,0,0,0,0,0,0,0,0,0,0,0,0,0,0,0,0,0,0,0,0,0,0
2,"so2","Unclassified regions",1761,6,6,50.000000,60.000000,16810,19180,17995,15001.179829,17999.394513,16495.258840,0.000000,0.000000,0.000000,20210816, 01:12:54.9690,20210816, 01:37:18.7060,20210816, 01:25:06.9370,42.62893910,-87.37575262,42.62889000,-87.41226684,42.62889833,-87.39394810,112.994136,"12.1.45.43607",3,20220329, 13:10:54.8960,"C:\Users\dmwarner\Documents\Acoustics\Michigan\acoustic\2021\EVfiles_sturgeon\so2.ev","Bin_count",56,0,0,1,0,110.844136,"","","Surface (depth of zero)",50.000000,47.850000,60.000000,57.850000,109.742026,107.592026,117.007431,114.857431,"",0.000000,0.000000,0.000000,49.742026,57.007431,52.994136,59.742026,67.007431,62.994136,0,0,0,0,0,1,1,3,12,8,11,10,4,0,0,0,0,0,0,1,0,0,0,0,1,2,2,0,0,0,0,0,0,0,0,0,0,0,0,0,0,0,0,0,0,0,0,0,0,0,0
2,"so2","Unclassified regions",1761,6,7,60.000000,70.000000,16810,19180,17995,15001.179829,17999.394513,16495.258840,0.000000,0.000000,0.000000,20210816, 01:12:54.9690,20210816, 01:37:18.7060,20210816, 01:25:06.9370,42.62893910,-87.37575262,42.62889000,-87.41226684,42.62889833,-87.39394810,112.994136,"12.1.45.43607",3,20220329, 13:10:54.8960,"C:\Users\dmwarner\Documents\Acoustics\Michigan\acoustic\2021\EVfiles_sturgeon\so2.ev","Bin_count",165,0,0,0,0,110.844136,"","","Surface (depth of zero)",60.000000,57.850000,70.000000,67.850000,109.742026,107.592026,117.007431,114.857431,"",0.000000,0.000000,0.000000,39.742026,47.007431,42.994136,49.742026,57.007431,52.994136,0,0,0,0,0,0,0,0,0,1,4,16,44,50,16,7,0,0,2,2,3,2,3,1,0,0,0,1,2,0,1,2,1,5,2,0,0,0,0,0,0,0,0,0,0,0,0,0,0,0,0
2,"so2","Unclassified regions",1761,6,8,70.000000,80.000000,16810,19180,17995,15001.179829,17999.394513,16495.258840,0.000000,0.000000,0.000000,20210816, 01:12:54.9690,20210816, 01:37:18.7060,20210816, 01:25:06.9370,42.62893910,-87.37575262,42.62889000,-87.41226684,42.62889833,-87.39394810,112.994136,"12.1.45.43607",3,20220329, 13:10:54.8960,"C:\Users\dmwarner\Documents\Acoustics\Michigan\acoustic\2021\EVfiles_sturgeon\so2.ev","Bin_count",236,0,0,1,0,110.844136,"","","Surface (depth of zero)",70.000000,67.850000,80.000000,77.850000,109.742026,107.592026,117.007431,114.857431,"",0.000000,0.000000,0.000000,29.742026,37.007431,32.994136,39.742026,47.007431,42.994136,0,0,0,0,0,0,0,0,0,0,0,2,11,24,36,54,42,32,9,1,0,0,0,1,0,0,0,0,2,0,1,1,3,3,1,3,1,7,2,0,0,0,0,0,0,0,0,0,0,0,0
2,"so2","Unclassified regions",1761,6,9,80.000000,90.000000,16810,19180,17995,15001.179829,17999.394513,16495.258840,0.000000,0.000000,0.000000,20210816, 01:12:54.9690,20210816, 01:37:18.7060,20210816, 01:25:06.9370,42.62893910,-87.37575262,42.62889000,-87.41226684,42.62889833,-87.39394810,112.994136,"12.1.45.43607",3,20220329, 13:10:54.8960,"C:\Users\dmwarner\Documents\Acoustics\Michigan\acoustic\2021\EVfiles_sturgeon\so2.ev","Bin_count",470,0,0,1,0,110.844136,"","","Surface (depth of zero)",80.000000,77.850000,90.000000,87.850000,109.742026,107.592026,117.007431,114.857431,"",0.000000,0.000000,0.000000,19.742026,27.007431,22.994136,29.742026,37.007431,32.994136,0,0,0,0,0,0,0,0,0,0,0,1,0,1,6,17,46,70,42,22,2,1,1,0,6,8,5,6,6,6,7,3,7,16,30,50,46,48,17,0,0,0,0,0,0,0,0,0,0,0,0
2,"so2","Unclassified regions",1761,6,10,90.000000,100.000000,16810,19180,17995,15001.179829,17999.394513,16495.258840,0.000000,0.000000,0.000000,20210816, 01:12:54.9690,20210816, 01:37:18.7060,20210816, 01:25:06.9370,42.62893910,-87.37575262,42.62889000,-87.41226684,42.62889833,-87.39394810,112.994136,"12.1.45.43607",3,20220329, 13:10:54.8960,"C:\Users\dmwarner\Documents\Acoustics\Michigan\acoustic\2021\EVfiles_sturgeon\so2.ev","Bin_count",495,0,0,1,0,110.844136,"","","Surface (depth of zero)",90.000000,87.850000,100.000000,97.850000,109.742026,107.592026,117.007431,114.857431,"",0.000000,0.000000,0.000000,9.742026,17.007431,12.994136,19.742026,27.007431,22.994136,0,0,0,0,0,0,0,0,0,0,0,0,0,0,0,0,10,20,35,60,49,33,7,2,8,8,12,12,9,11,17,10,10,26,29,44,52,29,2,0,0,0,0,0,0,0,0,0,0,0,0
2,"so2","Unclassified regions",1761,6,11,100.000000,110.000000,16810,19180,17995,15001.179829,17999.394513,16495.258840,0.000000,0.000000,0.000000,20210816, 01:12:54.9690,20210816, 01:37:18.7060,20210816, 01:25:06.9370,42.62893910,-87.37575262,42.62889000,-87.41226684,42.62889833,-87.39394810,112.994136,"12.1.45.43607",3,20220329, 13:10:54.8960,"C:\Users\dmwarner\Documents\Acoustics\Michigan\acoustic\2021\EVfiles_sturgeon\so2.ev","Bin_count",483,0,0,4,0,110.844136,"","","Surface (depth of zero)",100.000000,97.850000,110.000000,107.850000,109.742026,107.592026,117.007431,114.857431,"",0.000000,0.000000,0.000000,-9.9e+37,-9.9e+37,-9.9e+37,-9.9e+37,-9.9e+37,-9.9e+37,0,0,0,0,0,0,0,0,0,0,0,0,0,0,0,0,2,7,24,33,48,53,42,12,8,6,8,10,7,9,7,7,11,13,27,61,60,23,5,0,0,0,0,0,0,0,0,0,0,0,0
2,"so2","Unclassified regions",1761,6,12,110.000000,120.000000,16810,19180,17995,15001.179829,17999.394513,16495.258840,0.000000,0.000000,0.000000,20210816, 01:12:54.9690,20210816, 01:37:18.7060,20210816, 01:25:06.9370,42.62893910,-87.37575262,42.62889000,-87.41226684,42.62889833,-87.39394810,112.994136,"12.1.45.43607",3,20220329, 13:10:54.8960,"C:\Users\dmwarner\Documents\Acoustics\Michigan\acoustic\2021\EVfiles_sturgeon\so2.ev","Bin_count",178,0,0,3,0,110.844136,"","","Surface (depth of zero)",110.000000,107.850000,120.000000,117.850000,109.742026,107.592026,117.007431,114.857431,"",0.000000,0.000000,0.000000,-9.9e+37,-9.9e+37,-9.9e+37,-9.9e+37,-9.9e+37,-9.9e+37,0,0,0,0,0,0,0,0,0,0,0,0,0,0,0,0,0,0,0,1,3,8,13,22,13,9,5,5,1,4,3,6,12,5,10,16,18,13,2,0,2,2,0,0,0,1,1,3,0,0,0
2,"so2","Unclassified regions",1761,7,1,0.000000,10.000000,19181,19953,19567,18000.629760,18901.214723,18490.162871,0.000000,0.000000,0.000000,20210816, 01:37:19.3240,20210816, 01:45:16.1010,20210816, 01:41:17.6720,42.62889000,-87.41228190,999.00000000,999.00000000,42.62885333,-87.41824342,109.113331,"12.1.45.43607",3,20220329, 13:10:54.8960,"C:\Users\dmwarner\Documents\Acoustics\Michigan\acoustic\2021\EVfiles_sturgeon\so2.ev","Bin_count",79,0,0,10,0,106.963331,"","","Surface (depth of zero)",0.000000,-2.150000,10.000000,7.850000,108.463035,106.313035,109.847989,107.697989,"",0.000000,0.000000,0.000000,-9.9e+37,-9.9e+37,-9.9e+37,-9.9e+37,-9.9e+37,-9.9e+37,0,0,0,0,0,0,1,0,0,2,1,1,2,6,6,6,2,1,4,3,12,6,3,3,5,5,5,2,3,0,0,0,0,0,0,0,0,0,0,0,0,0,0,0,0,0,0,0,0,0,0
2,"so2","Unclassified regions",1761,7,2,10.000000,20.000000,19181,19953,19567,18000.629760,18901.214723,18490.162871,0.000000,0.000000,0.000000,20210816, 01:37:19.3240,20210816, 01:45:16.1010,20210816, 01:41:17.6720,42.62889000,-87.41228190,999.00000000,999.00000000,42.62885333,-87.41824342,109.113331,"12.1.45.43607",3,20220329, 13:10:54.8960,"C:\Users\dmwarner\Documents\Acoustics\Michigan\acoustic\2021\EVfiles_sturgeon\so2.ev","Bin_count",527,0,0,66,1,106.963331,"","","Surface (depth of zero)",10.000000,7.850000,20.000000,17.850000,108.463035,106.313035,109.847989,107.697989,"",0.000000,0.000000,0.000000,-9.9e+37,-9.9e+37,-9.9e+37,-9.9e+37,-9.9e+37,-9.9e+37,1,2,2,2,2,4,9,1,12,7,13,11,23,15,20,27,10,12,24,33,41,30,32,56,63,29,23,6,8,7,2,0,0,0,0,0,0,0,0,0,0,0,0,0,0,0,0,0,0,0,0
2,"so2","Unclassified regions",1761,7,3,20.000000,30.000000,19181,19953,19567,18000.629760,18901.214723,18490.162871,0.000000,0.000000,0.000000,20210816, 01:37:19.3240,20210816, 01:45:16.1010,20210816, 01:41:17.6720,42.62889000,-87.41228190,999.00000000,999.00000000,42.62885333,-87.41824342,109.113331,"12.1.45.43607",3,20220329, 13:10:54.8960,"C:\Users\dmwarner\Documents\Acoustics\Michigan\acoustic\2021\EVfiles_sturgeon\so2.ev","Bin_count",32,0,0,4,0,106.963331,"","","Surface (depth of zero)",20.000000,17.850000,30.000000,27.850000,108.463035,106.313035,109.847989,107.697989,"",0.000000,0.000000,0.000000,-9.9e+37,-9.9e+37,-9.9e+37,-9.9e+37,-9.9e+37,-9.9e+37,0,0,0,0,0,1,0,2,5,5,2,2,1,3,0,0,0,0,0,0,0,0,0,3,1,0,0,0,0,0,0,0,0,0,0,0,0,0,0,0,0,1,0,1,1,3,0,1,0,0,0
2,"so2","Unclassified regions",1761,7,5,40.000000,50.000000,19181,19953,19567,18000.629760,18901.214723,18490.162871,0.000000,0.000000,0.000000,20210816, 01:37:19.3240,20210816, 01:45:16.1010,20210816, 01:41:17.6720,42.62889000,-87.41228190,999.00000000,999.00000000,42.62885333,-87.41824342,109.113331,"12.1.45.43607",3,20220329, 13:10:54.8960,"C:\Users\dmwarner\Documents\Acoustics\Michigan\acoustic\2021\EVfiles_sturgeon\so2.ev","Bin_count",22,0,0,3,0,106.963331,"","","Surface (depth of zero)",40.000000,37.850000,50.000000,47.850000,108.463035,106.313035,109.847989,107.697989,"",0.000000,0.000000,0.000000,58.463035,59.847989,59.113331,68.463035,69.847989,69.113331,0,0,0,0,0,1,5,7,4,0,0,0,0,0,2,2,1,0,0,0,0,0,0,0,0,0,0,0,0,0,0,0,0,0,0,0,0,0,0,0,0,0,0,0,0,0,0,0,0,0,0
2,"so2","Unclassified regions",1761,7,6,50.000000,60.000000,19181,19953,19567,18000.629760,18901.214723,18490.162871,0.000000,0.000000,0.000000,20210816, 01:37:19.3240,20210816, 01:45:16.1010,20210816, 01:41:17.6720,42.62889000,-87.41228190,999.00000000,999.00000000,42.62885333,-87.41824342,109.113331,"12.1.45.43607",3,20220329, 13:10:54.8960,"C:\Users\dmwarner\Documents\Acoustics\Michigan\acoustic\2021\EVfiles_sturgeon\so2.ev","Bin_count",36,0,0,4,0,106.963331,"","","Surface (depth of zero)",50.000000,47.850000,60.000000,57.850000,108.463035,106.313035,109.847989,107.697989,"",0.000000,0.000000,0.000000,48.463035,49.847989,49.113331,58.463035,59.847989,59.113331,0,0,0,0,0,0,0,3,6,10,10,6,1,0,0,0,0,0,0,0,0,0,0,0,0,0,0,0,0,0,0,0,0,0,0,0,0,0,0,0,0,0,0,0,0,0,0,0,0,0,0
2,"so2","Unclassified regions",1761,7,7,60.000000,70.000000,19181,19953,19567,18000.629760,18901.214723,18490.162871,0.000000,0.000000,0.000000,20210816, 01:37:19.3240,20210816, 01:45:16.1010,20210816, 01:41:17.6720,42.62889000,-87.41228190,999.00000000,999.00000000,42.62885333,-87.41824342,109.113331,"12.1.45.43607",3,20220329, 13:10:54.8960,"C:\Users\dmwarner\Documents\Acoustics\Michigan\acoustic\2021\EVfiles_sturgeon\so2.ev","Bin_count",78,0,0,12,0,106.963331,"","","Surface (depth of zero)",60.000000,57.850000,70.000000,67.850000,108.463035,106.313035,109.847989,107.697989,"",0.000000,0.000000,0.000000,38.463035,39.847989,39.113331,48.463035,49.847989,49.113331,0,0,0,0,0,0,0,0,0,0,3,11,20,24,13,2,0,1,3,1,0,0,0,0,0,0,0,0,0,0,0,0,0,0,0,0,0,0,0,0,0,0,0,0,0,0,0,0,0,0,0
2,"so2","Unclassified regions",1761,7,8,70.000000,80.000000,19181,19953,19567,18000.629760,18901.214723,18490.162871,0.000000,0.000000,0.000000,20210816, 01:37:19.3240,20210816, 01:45:16.1010,20210816, 01:41:17.6720,42.62889000,-87.41228190,999.00000000,999.00000000,42.62885333,-87.41824342,109.113331,"12.1.45.43607",3,20220329, 13:10:54.8960,"C:\Users\dmwarner\Documents\Acoustics\Michigan\acoustic\2021\EVfiles_sturgeon\so2.ev","Bin_count",67,0,0,8,0,106.963331,"","","Surface (depth of zero)",70.000000,67.850000,80.000000,77.850000,108.463035,106.313035,109.847989,107.697989,"",0.000000,0.000000,0.000000,28.463035,29.847989,29.113331,38.463035,39.847989,39.113331,0,0,0,0,0,0,0,0,0,0,0,2,3,13,13,17,8,9,0,2,0,0,0,0,0,0,0,0,0,0,0,0,0,0,0,0,0,0,0,0,0,0,0,0,0,0,0,0,0,0,0
2,"so2","Unclassified regions",1761,7,9,80.000000,90.000000,19181,19953,19567,18000.629760,18901.214723,18490.162871,0.000000,0.000000,0.000000,20210816, 01:37:19.3240,20210816, 01:45:16.1010,20210816, 01:41:17.6720,42.62889000,-87.41228190,999.00000000,999.00000000,42.62885333,-87.41824342,109.113331,"12.1.45.43607",3,20220329, 13:10:54.8960,"C:\Users\dmwarner\Documents\Acoustics\Michigan\acoustic\2021\EVfiles_sturgeon\so2.ev","Bin_count",110,0,0,65,0,106.963331,"","","Surface (depth of zero)",80.000000,77.850000,90.000000,87.850000,108.463035,106.313035,109.847989,107.697989,"",0.000000,0.000000,0.000000,18.463035,19.847989,19.113331,28.463035,29.847989,29.113331,0,0,0,0,0,0,0,0,0,0,0,0,0,1,0,12,15,18,10,4,0,0,0,0,0,0,1,3,1,3,3,3,2,1,1,3,6,15,8,0,0,0,0,0,0,0,0,0,0,0,0
2,"so2","Unclassified regions",1761,7,10,90.000000,100.000000,19181,19953,19567,18000.629760,18901.214723,18490.162871,0.000000,0.000000,0.000000,20210816, 01:37:19.3240,20210816, 01:45:16.1010,20210816, 01:41:17.6720,42.62889000,-87.41228190,999.00000000,999.00000000,42.62885333,-87.41824342,109.113331,"12.1.45.43607",3,20220329, 13:10:54.8960,"C:\Users\dmwarner\Documents\Acoustics\Michigan\acoustic\2021\EVfiles_sturgeon\so2.ev","Bin_count",126,0,0,12,0,106.963331,"","","Surface (depth of zero)",90.000000,87.850000,100.000000,97.850000,108.463035,106.313035,109.847989,107.697989,"",0.000000,0.000000,0.000000,8.463035,9.847989,9.113331,18.463035,19.847989,19.113331,0,0,0,0,0,0,0,0,0,0,0,0,0,0,1,1,1,6,13,11,15,4,2,0,0,1,4,2,0,1,3,3,1,3,7,15,24,8,0,0,0,0,0,0,0,0,0,0,0,0,0
2,"so2","Unclassified regions",1761,7,11,100.000000,110.000000,19181,19953,19567,18000.629760,18901.214723,18490.162871,0.000000,0.000000,0.000000,20210816, 01:37:19.3240,20210816, 01:45:16.1010,20210816, 01:41:17.6720,42.62889000,-87.41228190,999.00000000,999.00000000,42.62885333,-87.41824342,109.113331,"12.1.45.43607",3,20220329, 13:10:54.8960,"C:\Users\dmwarner\Documents\Acoustics\Michigan\acoustic\2021\EVfiles_sturgeon\so2.ev","Bin_count",106,0,0,6,0,106.963331,"","","Surface (depth of zero)",100.000000,97.850000,110.000000,107.850000,108.463035,106.313035,109.847989,107.697989,"",0.000000,0.000000,0.000000,-9.9e+37,-9.9e+37,-9.9e+37,-9.9e+37,-9.9e+37,-9.9e+37,0,0,0,0,0,0,0,0,0,0,0,0,0,0,1,1,1,1,2,10,13,19,10,6,2,3,1,3,4,4,4,2,0,2,1,4,6,6,0,0,0,0,0,0,0,0,0,0,0,0,0
